VendorID,tpep_pickup_datetime,tpep_dropoff_datetime,passenger_count,trip_distance,RatecodeID,store_and_fwd_flag,PULocationID,DOLocationID,payment_type,fare_amount,extra,mta_tax,tip_amount,tolls_amount,improvement_surcharge,total_amount,congestion_surcharge
1,01/01/2021 0:30,01/01/2021 0:36,1,2.1,1,N,142,43,2,8,3,0.5,0,0,0.3,11.8,2.5
1,01/01/2021 0:51,01/01/2021 0:52,1,0.2,1,N,238,151,2,3,0.5,0.5,0,0,0.3,4.3,0
1,01/01/2021 0:43,01/01/2021 1:11,1,14.7,1,N,132,165,1,42,0.5,0.5,8.65,0,0.3,51.95,0
1,01/01/2021 0:15,01/01/2021 0:31,0,10.6,1,N,138,132,1,29,0.5,0.5,6.05,0,0.3,36.35,0
2,01/01/2021 0:31,01/01/2021 0:48,1,4.94,1,N,68,33,1,16.5,0.5,0.5,4.06,0,0.3,24.36,2.5
1,01/01/2021 0:16,01/01/2021 0:24,1,1.6,1,N,224,68,1,8,3,0.5,2.35,0,0.3,14.15,2.5
1,01/01/2021 0:00,01/01/2021 0:17,1,4.1,1,N,95,157,2,16,0.5,0.5,0,0,0.3,17.3,0
1,01/01/2021 0:12,01/01/2021 0:30,1,5.7,1,N,90,40,2,18,3,0.5,0,0,0.3,21.8,2.5
1,01/01/2021 0:39,01/01/2021 1:00,1,9.1,1,N,97,129,4,27.5,0.5,0.5,0,0,0.3,28.8,0
1,01/01/2021 0:26,01/01/2021 0:39,2,2.7,1,N,263,142,1,12,3,0.5,3.15,0,0.3,18.95,2.5
2,01/01/2021 0:15,01/01/2021 0:38,3,6.11,1,N,164,255,1,20.5,0.5,0.5,0,0,0.3,24.3,2.5
2,01/01/2021 0:46,01/01/2021 0:53,2,1.21,1,N,255,80,1,7,0.5,0.5,2.49,0,0.3,10.79,0
1,01/01/2021 0:10,01/01/2021 0:32,2,7.4,1,N,138,166,2,24.5,2.5,0.5,0,6.12,0.3,33.92,0
2,01/01/2021 0:31,01/01/2021 0:38,5,1.7,1,N,142,50,1,8,0.5,0.5,2.36,0,0.3,14.16,2.5
2,01/01/2021 0:42,01/01/2021 0:44,5,0.81,1,N,50,142,2,4.5,0.5,0.5,0,0,0.3,8.3,2.5
2,01/01/2021 0:17,01/01/2021 0:21,1,1.01,1,N,236,237,1,5.5,0.5,0.5,1,0,0.3,10.3,2.5
2,01/01/2021 0:33,01/01/2021 0:38,1,0.73,1,N,142,239,1,5.5,0.5,0.5,2.79,0,0.3,12.09,2.5
2,01/01/2021 0:47,01/01/2021 0:52,1,1.17,1,N,238,166,1,6.5,0.5,0.5,2.06,0,0.3,12.36,2.5
2,01/01/2021 0:04,01/01/2021 0:07,1,0.78,1,N,239,238,1,4.5,0.5,0.5,1.66,0,0.3,9.96,2.5
2,01/01/2021 0:18,01/01/2021 0:27,2,1.66,1,N,151,142,2,8.5,0.5,0.5,0,0,0.3,12.3,2.5
2,01/01/2021 0:43,01/01/2021 0:48,3,0.93,1,N,239,142,2,5.5,0.5,0.5,0,0,0.3,9.3,2.5
2,01/01/2021 0:56,01/01/2021 1:02,2,1.16,1,N,238,142,1,6.5,0.5,0.5,1.54,0,0.3,11.84,2.5
1,01/01/2021 0:16,01/01/2021 0:25,0,2.2,1,N,249,137,3,9,3,0.5,0,0,0.3,12.8,2.5
1,01/01/2021 0:37,01/01/2021 1:01,0,3.6,1,N,107,163,1,17,3,0.5,10,0,0.3,30.8,2.5
1,01/01/2021 0:37,01/01/2021 1:04,2,19.1,1,N,132,3,2,52,0.5,0.5,0,6.12,0.3,59.42,0
1,01/01/2021 0:54,01/01/2021 1:16,1,5.4,1,N,48,226,2,20,3,0.5,0,0,0.3,23.8,2.5
2,01/01/2021 0:34,01/01/2021 0:47,4,3.15,1,N,238,162,1,12.5,0.5,0.5,2,0,0.3,18.3,2.5
2,01/01/2021 0:06,01/01/2021 0:23,1,4.65,1,N,4,43,1,17,0.5,0.5,2,0,0.3,22.8,2.5
2,01/01/2021 0:35,01/01/2021 0:57,1,4.07,1,N,48,41,1,18,0.5,0.5,4.36,0,0.3,26.16,2.5
1,01/01/2021 0:24,01/01/2021 0:46,1,14.3,1,N,132,226,2,39,0.5,0.5,0,0,0.3,40.3,0
2,01/01/2021 0:13,01/01/2021 0:28,1,3.96,1,N,229,151,1,14.5,0.5,0.5,4.58,0,0.3,22.88,2.5
2,01/01/2021 0:36,01/01/2021 0:38,1,0.76,1,N,238,166,2,4.5,0.5,0.5,0,0,0.3,5.8,0
2,01/01/2021 0:43,01/01/2021 0:47,2,0.64,1,N,151,238,1,5,0.5,0.5,2.2,0,0.3,11,2.5
1,01/01/2021 0:06,01/01/2021 0:18,4,3,1,N,138,82,2,12,0.5,0.5,0,0,0.3,13.3,0
2,01/01/2021 0:19,01/01/2021 0:43,3,10.74,1,N,264,231,1,32.5,0.5,0.5,4,0,0.3,40.3,2.5
2,01/01/2021 0:20,01/01/2021 0:32,1,2.62,1,N,263,142,2,10.5,0.5,0.5,0,0,0.3,14.3,2.5
2,01/01/2021 0:55,01/01/2021 1:23,1,13.67,1,N,48,32,2,38,0.5,0.5,0,0,0.3,41.8,2.5
1,01/01/2021 0:25,01/01/2021 0:45,1,6.1,1,N,151,90,2,21,3,0.5,0,0,0.3,24.8,2.5
1,01/01/2021 0:03,01/01/2021 0:03,1,0,1,N,169,169,3,0,0,0,0,0,0,0,0
1,01/01/2021 0:52,01/01/2021 1:04,1,0,1,N,238,42,1,17.2,0,0.5,0,0,0.3,18,0
1,01/01/2021 0:08,01/01/2021 0:15,1,2,1,N,137,140,2,7.5,2.5,0.5,0,0,0.3,10.8,2.5
1,01/01/2021 0:30,01/01/2021 0:34,2,1,1,N,114,234,2,5.5,3,0.5,0,0,0.3,9.3,2.5
2,01/01/2021 0:03,01/01/2021 0:14,1,1.98,1,N,100,229,2,9.5,0.5,0.5,0,0,0.3,13.3,2.5
2,01/01/2021 0:16,01/01/2021 0:21,1,1.27,1,N,229,170,2,6,0.5,0.5,0,0,0.3,9.8,2.5
2,01/01/2021 0:47,01/01/2021 0:52,1,1.66,1,N,48,239,2,7,0.5,0.5,0,0,0.3,10.8,2.5
2,01/01/2021 0:57,01/01/2021 1:01,1,0.89,1,N,142,48,2,5,0.5,0.5,0,0,0.3,8.8,2.5
2,01/01/2021 0:03,01/01/2021 0:15,1,4.85,1,N,137,256,1,16.5,0.5,0.5,4.06,0,0.3,24.36,2.5
2,01/01/2021 0:54,01/01/2021 0:59,1,1.16,1,N,140,262,2,6.5,0.5,0.5,0,0,0.3,10.3,2.5
1,01/01/2021 0:37,01/01/2021 0:42,1,1.4,1,N,264,238,1,6.5,3,0.5,2,0,0.3,12.3,2.5
2,01/01/2021 0:28,01/01/2021 0:36,5,2.01,1,N,170,114,1,9,0.5,0.5,2,0,0.3,14.8,2.5
2,01/01/2021 0:54,01/01/2021 1:05,2,3.45,1,N,186,87,1,12,0.5,0.5,10.08,0,0.3,25.88,2.5
2,01/01/2021 0:50,01/01/2021 1:11,1,3.79,1,N,209,256,1,17,0.5,0.5,4.16,0,0.3,24.96,2.5
1,01/01/2021 0:22,01/01/2021 0:43,1,17.2,2,N,132,107,1,52,2.5,0.5,12.25,6.12,0.3,73.67,2.5
1,01/01/2021 0:52,01/01/2021 1:01,1,3.1,1,N,232,112,1,11,3,0.5,2.95,0,0.3,17.75,2.5
2,01/01/2021 0:08,01/01/2021 0:17,3,2.85,1,N,164,141,1,10.5,0.5,0.5,4.29,0,0.3,18.59,2.5
2,01/01/2021 0:22,01/01/2021 0:28,3,1.68,1,N,141,236,1,7.5,0.5,0.5,2.26,0,0.3,13.56,2.5
2,01/01/2021 0:33,01/01/2021 0:36,3,0.77,1,N,263,236,1,4.5,0.5,0.5,1.66,0,0.3,9.96,2.5
2,01/01/2021 0:39,01/01/2021 0:41,2,0.52,1,N,141,236,1,4,0.5,0.5,1.5,0,0.3,9.3,2.5
2,01/01/2021 0:45,01/01/2021 0:46,3,0.4,1,N,141,140,1,3.5,0.5,0.5,0.5,0,0.3,7.8,2.5
2,01/01/2021 0:55,01/01/2021 0:58,2,1.05,1,N,263,75,1,5.5,0.5,0.5,1.86,0,0.3,11.16,2.5
2,01/01/2021 0:44,01/01/2021 1:07,2,5.85,1,N,249,238,1,21.5,0.5,0.5,5.06,0,0.3,30.36,2.5
2,01/01/2021 0:34,01/01/2021 0:44,1,0.27,1,N,229,229,2,7,0.5,0.5,0,0,0.3,10.8,2.5
1,01/01/2021 0:46,01/01/2021 0:59,1,3.7,1,N,249,229,1,13.5,3,0.5,10,0,0.3,27.3,2.5
1,01/01/2021 0:06,01/01/2021 0:20,2,3.7,1,Y,164,87,1,13.5,3,0.5,4.3,0,0.3,21.6,2.5
2,01/01/2021 0:36,01/01/2021 1:01,3,16.54,2,N,132,229,1,52,0,0.5,11.06,0,0.3,66.36,2.5
2,01/01/2021 0:04,01/01/2021 0:15,1,2.19,1,N,113,87,1,9.5,0.5,0.5,2.66,0,0.3,15.96,2.5
2,01/01/2021 0:23,01/01/2021 0:40,1,4.09,1,N,261,48,1,15.5,0.5,0.5,3.86,0,0.3,23.16,2.5
2,01/01/2021 0:30,01/01/2021 0:41,1,3.26,1,N,125,48,2,11.5,0.5,0.5,0,0,0.3,15.3,2.5
2,01/01/2021 0:46,01/01/2021 0:51,1,1.11,1,N,48,143,1,5.5,0.5,0.5,2.79,0,0.3,12.09,2.5
2,01/01/2021 0:47,01/01/2021 0:56,1,2.87,1,N,186,231,1,10,0.5,0.5,2.76,0,0.3,16.56,2.5
1,01/01/2021 0:33,01/01/2021 0:46,2,4,1,N,246,24,1,14,3,0.5,3.55,0,0.3,21.35,2.5
1,01/01/2021 0:29,01/01/2021 0:37,1,1.3,1,Y,158,211,2,7,3,0.5,0,0,0.3,10.8,2.5
1,01/01/2021 0:52,01/01/2021 1:02,3,2.3,1,Y,170,249,1,9.5,3,0.5,2.65,0,0.3,15.95,2.5
1,01/01/2021 0:43,01/01/2021 0:47,1,0.8,1,N,237,236,1,5,3,0.5,0.75,0,0.3,9.55,2.5
2,01/01/2021 0:20,01/01/2021 0:35,1,7,1,N,141,248,2,21,0.5,0.5,0,0,0.3,24.8,2.5
2,01/01/2021 0:52,01/01/2021 0:54,1,0.51,1,N,75,263,2,3.5,0.5,0.5,0,0,0.3,4.8,0
2,01/01/2021 0:56,01/01/2021 1:00,1,1.17,1,N,263,141,1,5.5,0.5,0.5,1.86,0,0.3,11.16,2.5
1,01/01/2021 0:30,01/01/2021 0:38,1,3,1,Y,162,75,1,10.5,3,0.5,2.85,0,0.3,17.15,2.5
1,01/01/2021 0:45,01/01/2021 0:51,2,2,1,Y,263,233,2,7.5,3,0.5,0,0,0.3,11.3,2.5
1,01/01/2021 0:34,01/01/2021 0:37,2,1.1,1,N,141,263,1,5,3,0.5,2.5,0,0.3,11.3,2.5
1,01/01/2021 0:39,01/01/2021 0:41,1,0.6,1,N,263,141,1,4,3,0.5,2,0,0.3,9.8,2.5
1,01/01/2021 0:47,01/01/2021 0:56,3,2.5,1,N,262,142,1,10,3,0.5,2,0,0.3,15.8,2.5
2,01/01/2021 0:22,01/01/2021 0:30,1,3.58,1,N,137,263,1,11,0.5,0.5,2.96,0,0.3,17.76,2.5
2,01/01/2021 0:38,01/01/2021 0:44,1,1.24,1,N,140,229,1,6.5,0.5,0.5,2.58,0,0.3,12.88,2.5
2,01/01/2021 0:50,01/01/2021 1:06,1,4.78,1,N,140,113,1,17,0.5,0.5,4.16,0,0.3,24.96,2.5
2,01/01/2021 0:27,01/01/2021 0:35,1,1.69,1,N,140,238,1,8,0.5,0.5,2.36,0,0.3,14.16,2.5
2,01/01/2021 0:37,01/01/2021 0:42,1,1.33,1,N,239,151,1,6,0.5,0.5,1.96,0,0.3,11.76,2.5
2,01/01/2021 0:06,01/01/2021 0:23,1,8.06,1,N,75,264,1,24.5,0.5,0.5,5.66,0,0.3,33.96,2.5
2,01/01/2021 0:30,01/01/2021 0:38,2,2.6,1,N,90,142,1,9.5,0.5,0.5,2.66,0,0.3,15.96,2.5
2,01/01/2021 0:46,01/01/2021 0:51,1,1.4,1,N,48,142,1,6.5,0.5,0.5,2.58,0,0.3,12.88,2.5
2,01/01/2021 0:11,01/01/2021 0:17,1,2.44,1,N,137,232,2,9,0.5,0.5,0,0,0.3,12.8,2.5
2,01/01/2021 0:27,01/01/2021 0:37,1,1.58,1,N,79,45,2,8,0.5,0.5,0,0,0.3,11.8,2.5
2,01/01/2021 0:49,01/01/2021 0:59,1,3.98,1,N,224,75,2,12.5,0.5,0.5,0,0,0.3,16.3,2.5
2,01/01/2021 0:52,01/01/2021 0:56,1,1.06,1,N,236,75,1,5.5,0.5,0.5,1,0,0.3,10.3,2.5
2,01/01/2021 0:23,01/01/2021 0:34,2,1.91,1,N,140,142,2,9.5,0.5,0.5,0,0,0.3,13.3,2.5
2,01/01/2021 0:12,01/01/2021 0:26,1,4.13,1,N,161,226,1,14.5,0.5,0.5,3.66,0,0.3,21.96,2.5
2,01/01/2021 0:23,01/01/2021 0:35,2,4.12,1,N,162,74,2,13.5,0.5,0.5,0,0,0.3,17.3,2.5
2,01/01/2021 0:46,01/01/2021 0:54,2,2.22,1,N,144,170,1,9,0.5,0.5,2.56,0,0.3,15.36,2.5
2,01/01/2021 0:28,01/01/2021 0:51,1,7.11,1,N,264,264,2,23.5,0.5,0.5,0,0,0.3,24.8,0
2,01/01/2021 0:42,01/01/2021 0:54,3,1.61,1,N,229,237,2,9.5,0.5,0.5,0,0,0.3,13.3,2.5
2,01/01/2021 0:32,01/01/2021 0:38,1,1.89,1,N,75,151,1,7.5,0.5,0.5,2.2,0,0.3,11,0
2,01/01/2021 0:42,01/01/2021 0:48,1,1.62,1,N,238,236,1,7.5,0.5,0.5,2.82,0,0.3,14.12,2.5
2,01/01/2021 0:06,01/01/2021 0:13,1,3.7,1,N,132,219,1,12,0.5,0.5,2.66,0,0.3,15.96,0
2,01/01/2021 0:47,01/01/2021 1:11,1,6.56,1,N,79,41,1,21.5,0.5,0.5,4,0,0.3,29.3,2.5
2,01/01/2021 0:17,01/01/2021 0:21,1,0.58,1,N,238,239,2,5,0.5,0.5,0,0,0.3,8.8,2.5
2,01/01/2021 0:25,01/01/2021 0:31,1,1.37,1,N,142,238,1,7,0.5,0.5,2.16,0,0.3,12.96,2.5
2,01/01/2021 0:58,01/01/2021 1:08,1,2.65,1,N,137,43,2,10,0.5,0.5,0,0,0.3,13.8,2.5
1,01/01/2021 0:27,01/01/2021 0:32,0,1.2,1,N,137,229,1,5.5,3,0.5,1.86,0,0.3,11.16,2.5
1,01/01/2021 0:14,01/01/2021 0:23,1,0.8,1,N,234,234,1,7.5,3,0.5,2,0,0.3,13.3,2.5
1,01/01/2021 0:49,01/01/2021 0:50,1,0.2,1,N,68,246,1,3,3,0.5,1,0,0.3,7.8,2.5
2,01/01/2021 0:31,01/01/2021 0:35,1,1.24,1,N,236,140,1,6,0.5,0.5,3,0,0.3,12.8,2.5
2,01/01/2021 0:37,01/01/2021 0:46,1,1.91,1,N,140,43,1,8.5,0.5,0.5,2.46,0,0.3,14.76,2.5
2,01/01/2021 0:47,01/01/2021 0:50,1,0.5,1,N,239,238,1,4,0.5,0.5,1.56,0,0.3,9.36,2.5
2,01/01/2021 0:11,01/01/2021 0:15,2,0.7,1,N,263,236,2,4.5,0.5,0.5,0,0,0.3,8.3,2.5
2,01/01/2021 0:17,01/01/2021 0:22,3,1.29,1,N,236,238,1,6,0.5,0.5,1.96,0,0.3,11.76,2.5
2,01/01/2021 0:53,01/01/2021 1:05,2,4.26,1,N,231,137,2,14.5,0.5,0.5,0,0,0.3,18.3,2.5
1,01/01/2021 0:34,01/01/2021 0:39,1,0.7,1,N,68,50,3,5.5,3,0.5,0,0,0.3,9.3,2.5
1,01/01/2021 0:59,01/01/2021 1:14,1,4.6,1,N,249,181,2,16,3,0.5,0,0,0.3,19.8,2.5
2,01/01/2021 0:19,01/01/2021 0:22,1,1.34,1,N,236,237,1,5.5,0.5,0.5,1.86,0,0.3,11.16,2.5
2,01/01/2021 0:45,01/01/2021 1:15,1,6.71,1,N,230,82,2,24.5,0.5,0.5,0,0,0.3,28.3,2.5
1,01/01/2021 0:14,01/01/2021 0:30,2,1.6,1,N,114,234,1,11.5,3,0.5,4.55,0,0.3,19.85,2.5
1,01/01/2021 0:40,01/01/2021 0:50,1,1.1,1,N,48,100,1,7.5,3,0.5,1,0,0.3,12.3,2.5
2,01/01/2021 0:14,01/01/2021 0:32,1,9.19,1,N,79,7,2,27,0.5,0.5,0,0,0.3,30.8,2.5
2,01/01/2021 0:19,01/01/2021 0:34,1,8.02,1,N,264,130,1,24,0.5,0.5,0,0,0.3,25.3,0
1,01/01/2021 0:03,01/01/2021 0:17,1,4.5,1,N,90,238,1,15,3,0.5,3.75,0,0.3,22.55,2.5
1,01/01/2021 0:29,01/01/2021 0:48,3,9.4,1,N,43,127,2,28,3,0.5,0,0,0.3,31.8,2.5
2,01/01/2021 0:38,01/01/2021 0:42,2,1.38,1,N,233,107,1,5.5,0.5,0.5,1.4,0,0.3,10.7,2.5
1,01/01/2021 0:45,01/01/2021 0:46,0,0.5,1,N,229,140,2,4,3,0.5,0,0,0.3,7.8,2.5
1,01/01/2021 0:49,01/01/2021 0:56,0,0.8,1,N,140,229,2,6.5,3,0.5,0,0,0.3,10.3,2.5
2,01/01/2021 0:02,01/01/2021 0:23,1,5.83,1,N,68,74,2,19.5,0.5,0.5,0,0,0.3,23.3,2.5
2,01/01/2021 0:28,01/01/2021 0:34,1,1.35,1,N,74,41,2,7,0.5,0.5,0,0,0.3,8.3,0
2,01/01/2021 0:08,01/01/2021 0:24,1,4.11,1,N,48,226,2,15.5,0.5,0.5,0,0,0.3,19.3,2.5
2,01/01/2021 0:42,01/01/2021 0:42,1,0.32,1,N,233,229,2,3,0.5,0.5,0,0,0.3,6.8,2.5
2,01/01/2021 0:48,01/01/2021 1:00,1,2.31,1,N,263,41,2,11,0.5,0.5,0,0,0.3,14.8,2.5
1,01/01/2021 0:25,01/01/2021 0:28,2,1,1,Y,263,140,1,5,3,0.5,2.6,0,0.3,11.4,2.5
1,01/01/2021 0:35,01/01/2021 0:41,1,0.9,1,N,236,262,1,6,3,0.5,1.95,0,0.3,11.75,2.5
1,01/01/2021 0:45,01/01/2021 0:46,1,0.2,1,N,262,263,3,3,3,0.5,0,0,0.3,6.8,2.5
1,01/01/2021 0:57,01/01/2021 0:59,2,0.4,1,N,237,237,1,4,3,0.5,0,0,0.3,7.8,2.5
1,01/01/2021 0:16,01/01/2021 0:45,2,11.1,1,N,164,227,4,34,3,0.5,0,0,0.3,37.8,2.5
1,01/01/2021 0:28,01/01/2021 0:49,2,8.4,1,N,234,116,2,26,3,0.5,0,0,0.3,29.8,2.5
1,01/01/2021 0:41,01/01/2021 0:50,2,2.8,1,N,113,162,2,10.5,3,0.5,0,0,0.3,14.3,2.5
1,01/01/2021 0:56,01/01/2021 1:03,3,1.3,1,N,237,262,1,7,3,0.5,2.15,0,0.3,12.95,2.5
2,01/01/2021 0:28,01/01/2021 0:40,2,2.19,1,N,164,137,1,10.5,0.5,0.5,2,0,0.3,16.3,2.5
1,01/01/2021 0:12,01/01/2021 0:21,2,2.3,1,N,249,224,1,9,3,0.5,3.8,0,0.3,16.6,2.5
1,01/01/2021 0:45,01/01/2021 0:47,2,0.2,1,N,229,229,1,3.5,3,0.5,0,0,0.3,7.3,2.5
1,01/01/2021 0:55,01/01/2021 1:09,2,2.9,1,N,141,234,4,12.5,3,0.5,0,0,0.3,16.3,2.5
1,01/01/2021 0:14,01/01/2021 0:22,3,0.8,1,N,161,170,1,7,3,0.5,0,0,0.3,10.8,2.5
1,01/01/2021 0:58,01/01/2021 1:12,1,3.5,1,N,113,65,1,13.5,3,0.5,3.45,0,0.3,20.75,2.5
2,01/01/2021 0:06,01/01/2021 0:23,1,6.17,1,N,48,41,2,20,0.5,0.5,0,0,0.3,23.8,2.5
2,01/01/2021 0:43,01/01/2021 0:51,1,0.79,1,N,161,48,2,6.5,0.5,0.5,0,0,0.3,10.3,2.5
2,01/01/2021 0:05,01/01/2021 0:23,1,5.1,1,N,113,236,1,17.5,0.5,0.5,6.39,0,0.3,27.69,2.5
2,01/01/2021 0:41,01/01/2021 1:01,4,5.08,1,N,113,36,2,19,0.5,0.5,0,0,0.3,22.8,2.5
2,01/01/2021 0:38,01/01/2021 0:49,1,6.43,1,N,132,197,2,19,0.5,0.5,0,0,0.3,20.3,0
1,01/01/2021 0:01,01/01/2021 0:24,0,14.3,1,N,236,28,1,39,3,0.5,0,6.12,0.3,48.92,2.5
1,01/01/2021 0:14,01/01/2021 0:18,1,1.2,1,N,141,236,1,5.5,3,0.5,2,0,0.3,11.3,2.5
1,01/01/2021 0:27,01/01/2021 0:33,2,0.7,1,N,161,229,1,5.5,3,0.5,1,0,0.3,10.3,2.5
1,01/01/2021 0:59,01/01/2021 1:10,1,3.3,1,Y,143,41,2,11.5,3,0.5,0,0,0.3,15.3,2.5
2,01/01/2021 0:17,01/01/2021 0:41,2,15.19,4,N,70,265,1,46,0.5,0.5,9.46,0,0.3,56.76,0
2,01/01/2021 0:24,01/01/2021 0:36,1,3.4,1,N,100,231,1,12,0.5,0.5,3.16,0,0.3,18.96,2.5
2,01/01/2021 0:56,01/01/2021 1:07,1,2.76,1,N,249,233,1,10.5,0.5,0.5,2.86,0,0.3,17.16,2.5
1,01/01/2021 0:30,01/01/2021 0:31,2,0,5,N,233,233,1,12,0,0,2.45,0,0.3,14.75,0
1,01/01/2021 0:51,01/01/2021 0:53,1,0.6,1,N,237,141,1,4,3,0.5,2,0,0.3,9.8,2.5
2,01/01/2021 0:18,01/01/2021 0:27,2,1.98,1,N,142,229,1,9,0.5,0.5,5,0,0.3,17.8,2.5
2,01/01/2021 0:30,01/01/2021 0:37,2,2.71,1,N,229,137,1,10,0.5,0.5,2.76,0,0.3,16.56,2.5
2,01/01/2021 0:53,01/01/2021 1:01,1,1.07,1,N,79,144,2,7,0.5,0.5,0,0,0.3,10.8,2.5
2,01/01/2021 0:24,01/01/2021 0:42,1,0.81,1,N,100,230,2,11,0.5,0.5,0,0,0.3,14.8,2.5
2,01/01/2021 0:02,01/01/2021 0:14,1,2.27,1,N,186,79,2,11,0.5,0.5,0,0,0.3,14.8,2.5
2,01/01/2021 0:17,01/01/2021 0:24,1,1.5,1,N,107,162,2,7.5,0.5,0.5,0,0,0.3,11.3,2.5
2,01/01/2021 0:40,01/01/2021 0:44,2,0.77,1,N,90,90,1,4.5,0.5,0.5,2,0,0.3,10.3,2.5
2,01/01/2021 0:04,01/01/2021 0:15,1,1.73,1,N,48,164,1,8.5,0.5,0.5,3.69,0,0.3,15.99,2.5
2,01/01/2021 0:44,01/01/2021 0:49,1,1.44,1,N,162,237,2,6.5,0.5,0.5,0,0,0.3,10.3,2.5
2,01/01/2021 0:25,01/01/2021 0:29,1,1.08,1,N,234,249,1,5.5,0.5,0.5,2.32,0,0.3,11.62,2.5
2,01/01/2021 0:53,01/01/2021 1:12,1,4.69,1,N,234,239,1,17.5,0.5,0.5,5.32,0,0.3,26.62,2.5
1,01/01/2021 0:50,01/01/2021 1:10,1,9.6,1,N,90,133,1,28,3,0.5,7.95,0,0.3,39.75,2.5
2,01/01/2021 0:09,01/01/2021 0:13,4,1.49,1,N,229,236,1,6.5,0.5,0.5,3.09,0,0.3,13.39,2.5
2,01/01/2021 0:43,01/01/2021 0:49,4,1.62,1,N,137,79,1,7,0.5,0.5,2.16,0,0.3,12.96,2.5
1,01/01/2021 0:32,01/01/2021 0:36,1,1.6,1,N,107,229,1,6.5,3,0.5,2,0,0.3,12.3,2.5
2,01/01/2021 0:02,01/01/2021 0:07,1,1.6,1,N,236,141,1,7,0.5,0.5,2.7,0,0.3,13.5,2.5
2,01/01/2021 0:13,01/01/2021 0:20,1,2.54,1,N,237,75,2,9,0.5,0.5,0,0,0.3,12.8,2.5
2,01/01/2021 0:54,01/01/2021 1:04,1,3.78,1,N,141,79,1,12,0.5,0.5,3.16,0,0.3,18.96,2.5
2,01/01/2021 0:22,01/01/2021 0:28,1,1.25,1,N,48,68,1,6,0.5,0.5,2.94,0,0.3,12.74,2.5
2,01/01/2021 0:02,01/01/2021 0:13,1,2.52,1,N,142,263,2,11.5,0.5,0.5,0,0,0.3,15.3,2.5
2,01/01/2021 0:19,01/01/2021 0:24,1,1.18,1,N,236,237,1,6,0.5,0.5,2.45,0,0.3,12.25,2.5
2,01/01/2021 0:36,01/01/2021 0:54,1,3.85,1,N,143,158,1,15.5,0.5,0.5,4.7,0,0.3,24,2.5
1,01/01/2021 0:32,01/01/2021 0:44,1,5.2,1,N,142,116,2,17,3,0.5,0,0,0.3,20.8,2.5
1,01/01/2021 0:11,01/01/2021 0:24,1,0,1,N,107,256,1,17.2,0,0.5,0,0,0.3,18,0
2,01/01/2021 0:19,01/01/2021 0:39,4,5.04,1,N,137,49,1,18.5,0.5,0.5,4,0,0.3,26.3,2.5
2,01/01/2021 0:40,01/01/2021 0:52,1,2.41,1,N,234,237,1,10,0.5,0.5,4.14,0,0.3,17.94,2.5
2,01/01/2021 0:10,01/01/2021 0:21,1,2.09,1,N,68,170,2,9.5,0.5,0.5,0,0,0.3,13.3,2.5
2,01/01/2021 0:08,01/01/2021 0:18,2,1.57,1,N,166,75,1,8.5,0.5,0.5,2.45,0,0.3,12.25,0
2,01/01/2021 0:25,01/01/2021 0:37,2,2.6,1,N,151,74,2,11.5,0.5,0.5,0,0,0.3,12.8,0
2,01/01/2021 0:35,01/01/2021 0:39,1,1.02,1,N,237,163,1,5.5,0.5,0.5,2.33,0,0.3,11.63,2.5
1,01/01/2021 0:52,01/01/2021 0:59,1,1.8,1,N,238,263,1,8,3,0.5,2.95,0,0.3,14.75,2.5
2,01/01/2021 0:16,01/01/2021 0:28,1,6.45,1,N,13,233,2,20,0.5,0.5,0,0,0.3,23.8,2.5
2,01/01/2021 0:48,01/01/2021 1:10,1,7.12,1,N,231,151,1,24,0.5,0.5,5.56,0,0.3,33.36,2.5
1,01/01/2021 0:12,01/01/2021 0:27,1,4.1,1,N,249,142,1,14.5,3,0.5,5.45,0,0.3,23.75,2.5
2,01/01/2021 0:20,01/01/2021 0:32,1,2.96,1,N,239,229,1,12,0.5,0.5,3.16,0,0.3,18.96,2.5
2,01/01/2021 0:59,01/01/2021 1:22,1,7.35,1,N,48,195,1,23,0.5,0.5,5.36,0,0.3,32.16,2.5
1,01/01/2021 0:32,01/01/2021 0:40,3,2.5,1,N,142,75,1,9.5,3,0.5,2.5,0,0.3,15.8,2.5
1,01/01/2021 0:41,01/01/2021 0:49,1,2.7,1,N,230,145,1,10,3,0.5,2.75,0,0.3,16.55,2.5
1,01/01/2021 0:08,01/01/2021 0:12,1,1.2,1,N,239,48,2,6,3,0.5,0,0,0.3,9.8,2.5
1,01/01/2021 0:16,01/01/2021 0:26,1,2.4,1,N,48,107,2,9.5,3,0.5,0,0,0.3,13.3,2.5
1,01/01/2021 0:27,01/01/2021 0:29,1,0.4,1,N,107,107,1,3.5,3,0.5,1.45,0,0.3,8.75,2.5
2,01/01/2021 0:36,01/01/2021 0:48,1,1.2,1,N,161,164,2,9,0.5,0.5,0,0,0.3,12.8,2.5
1,01/01/2021 0:11,01/01/2021 0:38,1,6.8,1,N,113,228,2,24.5,3,0.5,0,0,0.3,28.3,2.5
2,01/01/2021 0:20,01/01/2021 0:23,1,1.42,1,N,229,236,1,6,0.5,0.5,1.96,0,0.3,11.76,2.5
2,01/01/2021 0:15,01/01/2021 0:18,1,0.81,1,N,237,236,2,4.5,0.5,0.5,0,0,0.3,8.3,2.5
2,01/01/2021 0:34,01/01/2021 0:38,2,1.06,1,N,75,263,1,5.5,0.5,0.5,0.93,0,0.3,10.23,2.5
2,01/01/2021 0:48,01/01/2021 0:52,2,1.34,1,N,229,140,2,6,0.5,0.5,0,0,0.3,9.8,2.5
2,01/01/2021 0:53,01/01/2021 1:01,2,1.5,1,N,140,236,1,8,0.5,0.5,2.36,0,0.3,14.16,2.5
2,01/01/2021 0:01,01/01/2021 0:07,3,1.48,1,N,43,41,2,7.5,0.5,0.5,0,0,0.3,11.3,2.5
2,01/01/2021 0:40,01/01/2021 0:55,3,3.13,1,N,43,107,1,12.5,0.5,0.5,3.26,0,0.3,19.56,2.5
1,01/01/2021 0:41,01/01/2021 0:56,2,2.5,1,Y,230,137,1,12,3,0.5,3.15,0,0.3,18.95,2.5
2,01/01/2021 0:11,01/01/2021 0:15,1,0.66,1,N,237,229,1,4.5,0.5,0.5,1.66,0,0.3,9.96,2.5
2,01/01/2021 0:22,01/01/2021 0:26,1,0.69,1,N,262,236,2,5,0.5,0.5,0,0,0.3,8.8,2.5
2,01/01/2021 0:42,01/01/2021 0:51,1,3.05,1,N,236,107,1,10.5,0.5,0.5,2.86,0,0.3,17.16,2.5
2,01/01/2021 0:41,01/01/2021 0:45,1,0.77,1,N,237,162,2,4.5,0.5,0.5,0,0,0.3,8.3,2.5
2,01/01/2021 0:04,01/01/2021 0:17,2,4.36,1,N,68,151,1,15,0.5,0.5,3.76,0,0.3,22.56,2.5
2,01/01/2021 0:21,01/01/2021 0:37,3,2.95,1,N,238,161,2,13.5,0.5,0.5,0,0,0.3,17.3,2.5
2,01/01/2021 0:27,01/01/2021 0:45,1,4.29,1,N,68,262,1,16,0.5,0.5,3.96,0,0.3,23.76,2.5
2,01/01/2021 0:09,01/01/2021 0:26,1,4.18,5,N,100,13,1,25,0,0,0,0,0.3,27.8,2.5
2,01/01/2021 0:49,01/01/2021 1:01,2,3.47,1,N,68,239,2,12,0.5,0.5,0,0,0.3,15.8,2.5
2,01/01/2021 0:20,01/01/2021 0:25,1,0.96,1,N,236,141,1,5.5,0.5,0.5,1.86,0,0.3,11.16,2.5
2,01/01/2021 0:35,01/01/2021 0:41,1,0.56,1,N,161,161,2,5.5,0.5,0.5,0,0,0.3,9.3,2.5
1,01/01/2021 0:40,01/01/2021 1:17,2,15.4,1,N,7,61,2,45.5,0.5,0.5,0,0,0.3,46.8,0
1,01/01/2021 0:29,01/01/2021 0:33,2,1.5,1,N,233,140,1,6.5,3,0.5,1,0,0.3,11.3,2.5
1,01/01/2021 0:37,01/01/2021 0:51,1,4.2,1,N,262,202,2,14.5,3,0.5,0,0,0.3,18.3,2.5
2,01/01/2021 0:55,01/01/2021 1:29,1,8.89,1,N,230,181,1,30,0.5,0.5,6.76,0,0.3,40.56,2.5
2,01/01/2021 0:48,01/01/2021 1:11,1,6.53,1,N,249,41,1,21.5,0.5,0.5,3,0,0.3,28.3,2.5
2,01/01/2021 0:35,01/01/2021 0:41,1,1.91,1,N,48,142,1,8,0.5,0.5,2.36,0,0.3,14.16,2.5
2,01/01/2021 0:17,01/01/2021 0:51,2,17.68,1,N,264,165,1,50,0.5,0.5,10.26,0,0.3,61.56,0
1,01/01/2021 0:41,01/01/2021 0:56,2,5.1,1,N,113,75,1,16,3,0.5,2.97,0,0.3,22.77,2.5
2,01/01/2021 0:29,01/01/2021 0:31,2,0.25,1,N,164,170,1,3.5,0.5,0.5,1.46,0,0.3,8.76,2.5
1,01/01/2021 0:11,01/01/2021 0:26,2,2.7,1,N,48,233,1,12,3,0.5,1.58,0,0.3,17.38,2.5
1,01/01/2021 0:52,01/01/2021 0:56,2,1.2,1,N,141,236,1,5.5,3,0.5,1.85,0,0.3,11.15,2.5
2,01/01/2021 0:19,01/01/2021 0:23,1,1,1,N,239,151,1,5.5,0.5,0.5,2.32,0,0.3,11.62,2.5
1,01/01/2021 0:06,01/01/2021 0:13,1,1.2,1,N,166,41,2,7,0.5,0.5,0,0,0.3,8.3,0
1,01/01/2021 0:22,01/01/2021 0:44,1,6.3,1,N,43,211,1,21,3,0.5,7.4,0,0.3,32.2,2.5
1,01/01/2021 0:49,01/01/2021 0:54,2,1,1,N,113,79,1,6,3,0.5,1.95,0,0.3,11.75,2.5
2,01/01/2021 0:15,01/01/2021 0:23,1,1.71,1,N,142,236,1,8,0.5,0.5,2.95,0,0.3,14.75,2.5
2,01/01/2021 0:42,01/01/2021 0:44,1,0.46,1,N,263,263,1,3.5,0.5,0.5,1.31,0,0.3,8.61,2.5
2,01/01/2021 0:45,01/01/2021 0:53,1,2.88,1,N,263,107,1,10,0.5,0.5,2.76,0,0.3,16.56,2.5
2,01/01/2021 0:54,01/01/2021 1:03,1,4.11,1,N,107,88,1,13.5,0.5,0.5,3.46,0,0.3,20.76,2.5
2,01/01/2021 0:31,01/01/2021 0:36,1,1.95,1,N,107,162,1,7,0.5,0.5,2.16,0,0.3,12.96,2.5
2,01/01/2021 0:42,01/01/2021 0:50,1,1.68,1,N,141,163,1,8,0.5,0.5,2.36,0,0.3,14.16,2.5
2,01/01/2021 0:30,01/01/2021 0:44,1,5.9,1,N,137,66,2,19,0.5,0.5,0,0,0.3,22.8,2.5
2,01/01/2021 0:14,01/01/2021 0:21,1,1.53,1,N,239,166,1,8,0.5,0.5,2.95,0,0.3,14.75,2.5
2,01/01/2021 0:25,01/01/2021 0:32,1,1.59,1,N,151,41,1,8,0.5,0.5,1.86,0,0.3,11.16,0
1,01/01/2021 0:24,01/01/2021 0:37,1,5.6,1,N,238,4,1,17.5,3,0.5,2,0,0.3,23.3,2.5
1,01/01/2021 0:46,01/01/2021 0:51,2,0.8,1,N,114,249,1,6,3,0.5,2.9,0,0.3,12.7,2.5
2,01/01/2021 0:48,01/01/2021 1:08,1,5.74,1,N,144,143,1,20,0.5,0.5,5,0,0.3,28.8,2.5
2,01/01/2021 0:48,01/01/2021 1:01,1,3.67,1,N,170,239,1,13,0.5,0.5,3.36,0,0.3,20.16,2.5
2,01/01/2021 0:14,01/01/2021 0:26,1,1.25,1,N,90,164,2,9,0.5,0.5,0,0,0.3,12.8,2.5
2,01/01/2021 0:32,01/01/2021 0:55,1,7.99,1,N,161,244,1,27,0.5,0.5,9.24,0,0.3,40.04,2.5
2,01/01/2021 0:19,01/01/2021 0:25,1,0.94,1,N,48,68,2,6,0.5,0.5,0,0,0.3,9.8,2.5
2,01/01/2021 0:53,01/01/2021 0:53,1,0,5,N,89,89,1,45,0,0,0,0,0.3,45.3,0
2,01/01/2021 0:12,01/01/2021 0:18,1,1.11,1,N,238,239,1,6,0.5,0.5,1.47,0,0.3,11.27,2.5
1,01/01/2021 0:17,01/01/2021 0:19,1,0.9,1,N,263,141,1,4.5,3,0.5,1.7,0,0.3,10,2.5
1,01/01/2021 0:57,01/01/2021 1:03,1,1,1,N,100,233,1,6,3,0.5,2.45,0,0.3,12.25,2.5
2,01/01/2021 0:25,01/01/2021 0:31,2,1.44,1,N,43,75,1,7,0.5,0.5,2.16,0,0.3,12.96,2.5
2,01/01/2021 0:28,01/01/2021 0:35,1,1.78,1,N,141,142,1,8,0.5,0.5,1.18,0,0.3,12.98,2.5
2,01/01/2021 0:39,01/01/2021 0:46,1,1.62,1,N,142,141,2,7.5,0.5,0.5,0,0,0.3,11.3,2.5
2,01/01/2021 0:12,01/01/2021 0:15,2,0.37,1,N,164,164,2,4,0.5,0.5,0,0,0.3,7.8,2.5
2,01/01/2021 0:38,01/01/2021 0:40,1,0.74,1,N,162,162,1,4,0.5,0.5,2.34,0,0.3,10.14,2.5
1,01/01/2021 0:45,01/01/2021 0:50,1,1.4,1,N,142,237,2,6.5,3,0.5,0,0,0.3,10.3,2.5
2,01/01/2021 0:10,01/01/2021 0:32,1,6.5,1,N,137,61,2,21.5,0.5,0.5,0,0,0.3,25.3,2.5
2,01/01/2021 0:54,01/01/2021 1:11,1,7.08,1,N,137,159,1,22,0.5,0.5,2,0,0.3,27.8,2.5
2,01/01/2021 0:09,01/01/2021 0:32,1,5.97,1,N,45,61,1,21.5,0.5,0.5,5.06,0,0.3,30.36,2.5
2,01/01/2021 0:24,01/01/2021 0:26,1,0.76,1,N,107,137,1,4,0.5,0.5,0,0,0.3,7.8,2.5
2,01/01/2021 0:30,01/01/2021 0:50,1,3.72,1,N,229,229,2,15.5,0.5,0.5,0,0,0.3,19.3,2.5
2,01/01/2021 0:54,01/01/2021 0:59,1,0.94,1,N,163,229,1,5.5,0.5,0.5,1.86,0,0.3,11.16,2.5
2,01/01/2021 0:23,01/01/2021 0:26,5,1.44,1,N,263,237,1,6,0.5,0.5,1.96,0,0.3,11.76,2.5
2,01/01/2021 0:33,01/01/2021 0:35,5,0.53,1,N,140,140,2,4,0.5,0.5,0,0,0.3,7.8,2.5
2,01/01/2021 0:45,01/01/2021 0:51,5,1.45,1,N,262,229,2,7,0.5,0.5,0,0,0.3,10.8,2.5
2,01/01/2021 0:53,01/01/2021 1:01,5,1.79,1,N,229,161,2,8,0.5,0.5,0,0,0.3,11.8,2.5
1,01/01/2021 0:16,01/01/2021 0:26,1,2.4,1,N,142,141,1,10,3,0.5,2.75,0,0.3,16.55,2.5
2,01/01/2021 0:22,01/01/2021 0:53,1,20.26,1,N,132,181,1,55,0.5,0.5,16.89,0,0.3,73.19,0
1,01/01/2021 0:17,01/01/2021 0:33,2,3.9,1,N,114,143,1,14.5,3,0.5,3.65,0,0.3,21.95,2.5
2,01/01/2021 0:07,01/01/2021 0:18,1,2.03,1,N,151,75,2,10,0.5,0.5,0,0,0.3,11.3,0
2,01/01/2021 0:47,01/01/2021 1:12,3,7,1,N,249,179,1,23,0.5,0.5,8.04,0,0.3,34.84,2.5
2,01/01/2021 0:47,01/01/2021 0:55,1,1.38,1,N,162,43,1,7.5,0.5,0.5,2.26,0,0.3,13.56,2.5
2,01/01/2021 0:59,01/01/2021 1:08,1,1.86,1,N,238,230,2,9,0.5,0.5,0,0,0.3,12.8,2.5
2,01/01/2021 0:19,01/01/2021 0:29,1,3.04,1,N,75,233,2,11,0.5,0.5,0,0,0.3,14.8,2.5
2,01/01/2021 0:49,01/01/2021 0:57,1,1.82,1,N,246,158,1,8.5,0.5,0.5,3.08,0,0.3,15.38,2.5
2,01/01/2021 0:10,01/01/2021 0:13,1,0.41,1,N,68,68,1,4,0.5,0.5,1,0,0.3,8.8,2.5
2,01/01/2021 0:15,01/01/2021 0:32,1,6.91,1,N,68,116,1,22,0.5,0.5,2,0,0.3,27.8,2.5
2,01/01/2021 0:43,01/01/2021 0:50,1,1.58,1,N,166,239,1,8,0.5,0.5,2.36,0,0.3,14.16,2.5
2,01/01/2021 0:15,01/01/2021 0:23,3,1.65,1,N,161,107,2,7.5,0.5,0.5,0,0,0.3,11.3,2.5
2,01/01/2021 0:45,01/01/2021 0:50,2,1.51,1,N,75,151,2,6.5,0.5,0.5,0,0,0.3,7.8,0
2,01/01/2021 0:54,01/01/2021 1:00,2,1.28,1,N,43,41,2,7,0.5,0.5,0,0,0.3,8.3,0
1,01/01/2021 0:17,01/01/2021 0:46,2,10.4,5,N,230,233,1,40,0,0,0,0,0.3,40.3,0
1,01/01/2021 0:49,01/01/2021 1:19,1,6.4,1,N,137,260,1,25.5,3,0.5,5.85,0,0.3,35.15,2.5
2,01/01/2021 0:33,01/01/2021 0:58,2,17.05,1,N,132,21,2,46,0.5,0.5,0,0,0.3,47.3,0
1,01/01/2021 0:14,01/01/2021 0:21,2,2.8,1,N,170,262,1,9.5,3,0.5,2.65,0,0.3,15.95,2.5
2,01/01/2021 0:11,01/01/2021 0:25,1,3.36,1,N,161,4,2,13,0.5,0.5,0,0,0.3,16.8,2.5
2,01/01/2021 0:28,01/01/2021 0:43,1,5.44,1,N,79,236,1,18,0.5,0.5,2,0,0.3,23.8,2.5
2,01/01/2021 0:49,01/01/2021 0:51,1,0.98,1,N,43,142,1,5,0.5,0.5,1.76,0,0.3,10.56,2.5
2,01/01/2021 0:24,01/01/2021 0:30,3,1.08,1,N,230,142,2,6,0.5,0.5,0,0,0.3,9.8,2.5
2,01/01/2021 0:38,01/01/2021 1:21,1,33.18,1,N,91,240,1,86.5,0.5,0.5,2.75,6.12,0.3,96.67,0
2,01/01/2021 0:39,01/01/2021 0:47,1,2.41,1,N,161,145,2,9.5,0.5,0.5,0,6.12,0.3,19.42,2.5
2,01/01/2021 0:14,01/01/2021 0:27,1,2.37,1,N,246,48,2,10.5,0.5,0.5,0,0,0.3,14.3,2.5
2,01/01/2021 0:31,01/01/2021 0:50,1,3.6,1,N,48,79,1,15,0.5,0.5,4.7,0,0.3,23.5,2.5
2,01/01/2021 0:26,01/01/2021 0:36,1,2.79,1,N,90,263,1,10.5,0.5,0.5,3.58,0,0.3,17.88,2.5
2,01/01/2021 0:45,01/01/2021 0:49,1,0.59,1,N,263,263,1,4.5,0.5,0.5,2.08,0,0.3,10.38,2.5
2,01/01/2021 0:50,01/01/2021 0:59,1,1.53,1,N,78,47,2,8.5,0.5,0.5,0,0,0.3,9.8,0
2,01/01/2021 0:07,01/01/2021 0:12,1,0.54,1,N,148,232,1,4.5,0.5,0.5,1.66,0,0.3,9.96,2.5
2,01/01/2021 0:23,01/01/2021 0:38,1,3.85,1,N,107,97,1,15,0.5,0.5,3.38,0,0.3,22.18,2.5
2,01/01/2021 0:40,01/01/2021 1:01,1,7.25,1,N,97,263,1,22,0.5,0.5,7.74,0,0.3,33.54,2.5
2,01/01/2021 0:32,01/01/2021 0:44,1,2.41,1,N,164,140,1,10.5,0.5,0.5,2.86,0,0.3,17.16,2.5
1,01/01/2021 0:32,01/01/2021 0:37,1,1.5,1,Y,79,137,1,6.5,3,0.5,2.55,0,0.3,12.85,2.5
2,01/01/2021 0:32,01/01/2021 0:47,1,2.62,1,N,230,262,2,12.5,0.5,0.5,0,0,0.3,16.3,2.5
2,01/01/2021 0:25,01/01/2021 0:28,1,0.59,1,N,90,68,1,4,0.5,0.5,1.95,0,0.3,9.75,2.5
2,01/01/2021 0:42,01/01/2021 0:49,2,1.2,1,N,249,148,1,7,0.5,0.5,2.16,0,0.3,12.96,2.5
1,01/01/2021 0:32,01/01/2021 0:35,1,0.9,1,N,148,114,2,5,3,0.5,0,0,0.3,8.8,2.5
1,01/01/2021 0:46,01/01/2021 1:20,1,14,1,N,100,130,3,41.5,3,0.5,0,0,0.3,45.3,2.5
1,01/01/2021 0:40,01/01/2021 0:43,2,0.4,1,N,211,211,1,4.5,3,0.5,1.65,0,0.3,9.95,2.5
1,01/01/2021 0:52,01/01/2021 0:59,2,1.1,1,N,234,79,2,6.5,3,0.5,0,0,0.3,10.3,2.5
2,01/01/2021 0:20,01/01/2021 0:30,1,2.88,1,N,234,237,1,10.5,0.5,0.5,3.58,0,0.3,17.88,2.5
2,01/01/2021 0:33,01/01/2021 0:42,1,1.46,1,N,113,79,1,8,0.5,0.5,3.54,0,0.3,15.34,2.5
2,01/01/2021 0:53,01/01/2021 1:00,1,2.08,1,N,170,141,1,8,0.5,0.5,2.95,0,0.3,14.75,2.5
1,01/01/2021 0:00,01/01/2021 0:19,1,9.4,1,N,138,90,2,27.5,3,0.5,0,6.12,0.3,37.42,2.5
1,01/01/2021 0:25,01/01/2021 0:34,3,1.4,1,N,234,211,1,8,3,0.5,1,0,0.3,12.8,2.5
1,01/01/2021 0:47,01/01/2021 0:51,1,1.1,1,N,141,262,1,5.5,3,0.5,1.85,0,0.3,11.15,2.5
2,01/01/2021 0:27,01/01/2021 0:48,2,15.73,1,N,132,255,1,42.5,0.5,0.5,10.95,0,0.3,54.75,0
2,01/01/2021 0:55,01/01/2021 1:03,1,1.64,1,N,163,141,1,7.5,0.5,0.5,2.82,0,0.3,14.12,2.5
2,01/01/2021 0:31,01/01/2021 0:45,1,3.74,1,N,164,75,2,13,0.5,0.5,0,0,0.3,16.8,2.5
2,01/01/2021 0:15,01/01/2021 0:18,3,0.94,1,N,264,264,2,5,0.5,0.5,0,0,0.3,8.8,2.5
2,01/01/2021 0:21,01/01/2021 0:33,5,3,1,N,264,264,1,11,0.5,0.5,4.44,0,0.3,19.24,2.5
2,01/01/2021 0:42,01/01/2021 1:02,5,7.04,1,N,264,264,2,22.5,0.5,0.5,0,0,0.3,23.8,0
1,01/01/2021 0:07,01/01/2021 0:14,2,1.3,1,N,170,229,2,7,3,0.5,0,0,0.3,10.8,2.5
1,01/01/2021 0:18,01/01/2021 0:20,1,1.1,1,N,140,262,1,5,3,0.5,1.76,0,0.3,10.56,2.5
1,01/01/2021 0:23,01/01/2021 0:35,2,6.9,1,Y,262,87,1,20.5,3,0.5,4.85,0,0.3,29.15,2.5
2,01/01/2021 0:10,01/01/2021 0:20,2,1.9,1,N,107,68,1,9,0.5,0.5,2.56,0,0.3,15.36,2.5
2,01/01/2021 0:41,01/01/2021 0:51,1,2.9,1,N,48,24,1,11,0.5,0.5,1.48,0,0.3,16.28,2.5
2,01/01/2021 0:57,01/01/2021 1:00,2,0.6,1,N,151,166,2,4,0.5,0.5,0,0,0.3,5.3,0
2,01/01/2021 0:10,01/01/2021 0:23,1,1.91,1,N,166,166,2,10.5,0.5,0.5,0,0,0.3,14.3,2.5
2,01/01/2021 0:28,01/01/2021 0:42,2,2.43,1,N,238,262,1,11.5,0.5,0.5,1.53,0,0.3,16.83,2.5
2,01/01/2021 0:56,01/01/2021 1:14,1,7.42,1,N,141,169,2,22.5,0.5,0.5,0,0,0.3,26.3,2.5
2,01/01/2021 0:05,01/01/2021 0:28,1,6.88,1,N,233,198,2,23,0.5,0.5,0,0,0.3,26.8,2.5
1,01/01/2021 0:53,01/01/2021 1:10,2,3.3,1,Y,237,24,1,14.5,3,0.5,3.66,0,0.3,21.96,2.5
1,01/01/2021 0:15,01/01/2021 0:29,1,1,1,N,234,230,1,9.5,3,0.5,2.65,0,0.3,15.95,2.5
1,01/01/2021 0:54,01/01/2021 0:56,1,0.2,1,N,186,186,2,3.5,3,0.5,0,0,0.3,7.3,2.5
1,01/01/2021 0:06,01/01/2021 0:14,1,0.5,1,N,68,186,4,4.5,3,0.5,0,0,0.3,8.3,2.5
1,01/01/2021 0:47,01/01/2021 0:56,1,1.6,1,N,186,233,2,8,3,0.5,0,0,0.3,11.8,2.5
2,01/01/2021 0:12,01/01/2021 0:20,2,1.89,1,N,151,236,1,8.5,0.5,0.5,2,0,0.3,14.3,2.5
2,01/01/2021 0:25,01/01/2021 0:32,2,1.96,1,N,263,238,2,8,0.5,0.5,0,0,0.3,11.8,2.5
1,01/01/2021 0:01,01/01/2021 0:01,2,0,5,Y,75,75,1,10,0,0,0,0,0.3,10.3,0
1,01/01/2021 0:43,01/01/2021 1:02,1,8.5,1,Y,132,35,2,26,0.5,0.5,0,0,0.3,27.3,0
2,01/01/2021 0:56,01/01/2021 1:01,1,0.77,1,N,74,74,2,5,0.5,0.5,0,0,0.3,6.3,0
2,01/01/2021 0:13,01/01/2021 0:22,1,1.12,1,N,230,234,2,7.5,0.5,0.5,0,0,0.3,11.3,2.5
2,01/01/2021 0:34,01/01/2021 1:03,1,4.44,1,N,100,261,1,20.5,0.5,0.5,0,0,0.3,24.3,2.5
1,01/01/2021 0:13,01/01/2021 0:26,2,6.1,1,N,137,33,1,18,3,0.5,6.5,0,0.3,28.3,2.5
2,01/01/2021 0:33,01/01/2021 0:50,1,3.22,1,N,48,144,1,13.5,0.5,0.5,3.46,0,0.3,20.76,2.5
2,01/01/2021 0:55,01/01/2021 1:05,1,2.64,1,N,114,68,1,10.5,0.5,0.5,2.5,0,0.3,16.8,2.5
1,01/01/2021 0:30,01/01/2021 1:01,1,19.9,1,Y,79,203,2,54.5,3,0.5,0,0,0.3,58.3,2.5
2,01/01/2021 0:09,01/01/2021 0:11,1,0.5,1,N,107,137,1,4,0.5,0.5,1.56,0,0.3,9.36,2.5
2,01/01/2021 0:48,01/01/2021 0:55,1,2.49,1,N,170,141,1,9,0.5,0.5,3.84,0,0.3,16.64,2.5
2,01/01/2021 0:59,01/01/2021 1:11,1,1.97,1,N,141,48,2,10,0.5,0.5,0,0,0.3,13.8,2.5
2,01/01/2021 0:34,01/01/2021 1:03,1,8.67,1,N,142,57,2,29,0.5,0.5,0,0,0.3,32.8,2.5
2,01/01/2021 0:14,01/01/2021 0:23,1,1.85,1,N,48,90,2,8.5,0.5,0.5,0,0,0.3,12.3,2.5
2,01/01/2021 0:34,01/01/2021 0:42,1,1.17,1,N,48,90,2,7,0.5,0.5,0,0,0.3,10.8,2.5
1,01/01/2021 0:24,01/01/2021 0:31,1,0.9,1,Y,107,224,1,6.5,3,0.5,0,0,0.3,10.3,2.5
2,01/01/2021 0:32,01/01/2021 0:55,2,6.71,1,N,161,209,2,24,0.5,0.5,0,0,0.3,27.8,2.5
2,01/01/2021 0:59,01/01/2021 1:16,2,7.27,1,N,231,262,2,22,0.5,0.5,0,0,0.3,25.8,2.5
2,01/01/2021 0:31,01/01/2021 0:36,1,0.79,1,N,143,48,2,5.5,0.5,0.5,0,0,0.3,9.3,2.5
2,01/01/2021 0:45,01/01/2021 0:57,1,2.79,1,N,143,170,2,11,0.5,0.5,0,0,0.3,14.8,2.5
2,01/01/2021 0:07,01/01/2021 0:11,2,1.03,1,N,263,141,2,5,0.5,0.5,0,0,0.3,8.8,2.5
2,01/01/2021 0:17,01/01/2021 0:22,2,1.24,1,N,237,262,1,6,0.5,0.5,1.96,0,0.3,11.76,2.5
2,01/01/2021 0:29,01/01/2021 0:31,2,0.92,1,N,263,237,1,4.5,0.5,0.5,1.66,0,0.3,9.96,2.5
2,01/01/2021 0:50,01/01/2021 1:03,2,3.55,1,N,141,112,2,13,0.5,0.5,0,0,0.3,16.8,2.5
2,01/01/2021 0:11,01/01/2021 0:30,5,5.47,1,N,48,88,2,18.5,0.5,0.5,0,0,0.3,22.3,2.5
2,01/01/2021 0:41,01/01/2021 1:03,5,9.5,1,N,209,166,1,28,0.5,0.5,4.44,0,0.3,36.24,2.5
1,01/01/2021 0:47,01/01/2021 0:59,1,6.2,1,N,87,141,1,19,3,0.5,4.55,0,0.3,27.35,2.5
2,01/01/2021 0:07,01/01/2021 0:22,2,1.61,1,N,161,48,1,10.5,0.5,0.5,1,0,0.3,15.3,2.5
2,01/01/2021 0:15,01/01/2021 0:26,1,7.54,1,N,138,75,1,21.5,0.5,0.5,7.23,6.12,0.3,36.15,0
2,01/01/2021 0:33,01/01/2021 0:42,2,2.4,1,N,237,107,1,9.5,0.5,0.5,2.66,0,0.3,15.96,2.5
2,01/01/2021 0:21,01/01/2021 0:23,1,0.92,1,N,114,234,1,4.5,0.5,0.5,1.66,0,0.3,9.96,2.5
2,01/01/2021 0:38,01/01/2021 0:45,1,1.39,1,N,234,79,1,7.5,0.5,0.5,2.26,0,0.3,13.56,2.5
2,01/01/2021 0:53,01/01/2021 1:08,1,2.59,1,N,79,48,2,12,0.5,0.5,0,0,0.3,15.8,2.5
2,01/01/2021 0:38,01/01/2021 0:48,2,2.15,1,N,229,142,2,10,0.5,0.5,0,0,0.3,13.8,2.5
1,01/01/2021 0:27,01/01/2021 0:33,1,1.6,1,N,237,43,1,7.5,3,0.5,1.5,0,0.3,12.8,2.5
1,01/01/2021 0:36,01/01/2021 0:42,3,1.2,1,N,43,143,4,7,3,0.5,0,0,0.3,10.8,2.5
2,01/01/2021 0:27,01/01/2021 0:39,2,2.77,1,N,161,262,2,11.5,0.5,0.5,0,0,0.3,15.3,2.5
2,01/01/2021 0:44,01/01/2021 0:52,1,1.65,1,N,141,43,2,8,0.5,0.5,0,0,0.3,11.8,2.5
1,01/01/2021 0:01,01/01/2021 0:07,1,1.4,1,N,100,229,2,7,3,0.5,0,0,0.3,10.8,2.5
1,01/01/2021 0:42,01/01/2021 0:47,1,1.5,1,N,263,142,1,6.5,3,0.5,3.05,0,0.3,13.35,2.5
1,01/01/2021 0:50,01/01/2021 0:56,4,1.1,1,N,142,163,2,6,3,0.5,0,0,0.3,9.8,2.5
1,01/01/2021 0:58,01/01/2021 1:04,1,1.3,1,N,163,141,2,6.5,3,0.5,0,0,0.3,10.3,2.5
1,01/01/2021 0:19,01/01/2021 0:24,1,0.5,1,N,48,48,3,4.5,3,0.5,0,0,0.3,8.3,2.5
1,01/01/2021 0:40,01/01/2021 0:50,2,2.7,1,N,230,140,2,10.5,3,0.5,0,0,0.3,14.3,2.5
1,01/01/2021 0:58,01/01/2021 1:07,1,1.7,1,N,162,100,3,8.5,3,0.5,0,0,0.3,12.3,2.5
1,01/01/2021 0:24,01/01/2021 0:58,1,11.1,1,N,230,17,1,35,3,0.5,7.75,0,0.3,46.55,2.5
1,01/01/2021 0:22,01/01/2021 0:48,1,9.5,1,N,140,17,1,29,3,0.5,5,6.12,0.3,43.92,2.5
1,01/01/2021 0:32,01/01/2021 0:39,1,1.5,1,N,164,107,1,7.5,3,0.5,2.8,0,0.3,14.1,2.5
1,01/01/2021 0:42,01/01/2021 0:47,3,2,1,N,224,229,1,7.5,3,0.5,3,0,0.3,14.3,2.5
1,01/01/2021 0:53,01/01/2021 0:57,1,0.5,1,N,263,263,2,4.5,3,0.5,0,0,0.3,8.3,2.5
2,01/01/2021 0:08,01/01/2021 0:23,1,3.52,1,N,100,231,2,13.5,0.5,0.5,0,0,0.3,17.3,2.5
2,01/01/2021 0:36,01/01/2021 0:50,1,3.34,1,N,263,50,2,13,0.5,0.5,0,0,0.3,16.8,2.5
2,01/01/2021 0:57,01/01/2021 1:08,1,2.18,1,N,48,158,1,9.5,0.5,0.5,3.99,0,0.3,17.29,2.5
2,01/01/2021 0:36,01/01/2021 0:43,1,1.29,1,N,229,237,1,7,0.5,0.5,2.16,0,0.3,12.96,2.5
2,01/01/2021 0:47,01/01/2021 1:08,1,10.86,1,N,162,213,2,30.5,0.5,0.5,0,0,0.3,34.3,2.5
1,01/01/2021 0:33,01/01/2021 0:56,2,1.8,1,N,100,230,1,14.5,3,0.5,3.65,0,0.3,21.95,2.5
1,01/01/2021 0:25,01/01/2021 0:41,1,0,1,N,74,182,1,22.2,0,0.5,0,0,0.3,23,0
2,01/01/2021 0:13,01/01/2021 0:25,1,2.71,1,N,24,48,2,12,0.5,0.5,0,0,0.3,15.8,2.5
2,01/01/2021 0:45,01/01/2021 1:03,1,4.85,1,N,234,238,1,17,0.5,0.5,4.16,0,0.3,24.96,2.5
2,01/01/2021 0:37,01/01/2021 0:42,2,0.78,1,N,236,262,2,5.5,0.5,0.5,0,0,0.3,9.3,2.5
1,01/01/2021 0:34,01/01/2021 0:36,1,0.2,1,N,100,48,2,3.5,3,0.5,0,0,0.3,7.3,2.5
1,01/01/2021 0:07,01/01/2021 0:15,1,3.8,1,N,75,145,2,12,3,0.5,0,0,0.3,15.8,2.5
1,01/01/2021 0:23,01/01/2021 0:30,1,2.2,1,N,161,262,1,8.5,3,0.5,2,0,0.3,14.3,2.5
1,01/01/2021 0:35,01/01/2021 0:44,1,2.2,1,N,262,233,1,9.5,3,0.5,2.2,0,0.3,15.5,2.5
1,01/01/2021 0:45,01/01/2021 0:47,0,0.8,1,N,233,233,1,4.5,3,0.5,2,0,0.3,10.3,2.5
1,01/01/2021 0:52,01/01/2021 1:03,1,5.6,1,N,170,168,2,17.5,3,0.5,0,0,0.3,21.3,2.5
2,01/01/2021 0:49,01/01/2021 0:57,2,1.68,1,N,237,142,1,8,0.5,0.5,1,0,0.3,12.8,2.5
2,01/01/2021 0:40,01/01/2021 1:04,1,12.08,1,N,162,242,1,34,0.5,0.5,7.56,0,0.3,45.36,2.5
2,01/01/2021 0:38,01/01/2021 0:47,2,3.8,1,N,107,262,1,12,0.5,0.5,3.16,0,0.3,18.96,2.5
2,01/01/2021 0:49,01/01/2021 0:53,2,0.7,1,N,262,263,1,5,0.5,0.5,1.76,0,0.3,10.56,2.5
2,01/01/2021 0:59,01/01/2021 1:05,2,2.46,1,N,236,233,1,8.5,0.5,0.5,3.08,0,0.3,15.38,2.5
2,01/01/2021 0:28,01/01/2021 0:44,1,5.16,1,N,107,238,1,17,0.5,0.5,5.2,0,0.3,26,2.5
2,01/01/2021 0:48,01/01/2021 0:53,1,1.85,1,N,239,48,1,7,0.5,0.5,2.7,0,0.3,13.5,2.5
2,01/01/2021 0:57,01/01/2021 1:11,1,5.18,1,N,50,42,2,17,0.5,0.5,0,0,0.3,20.8,2.5
2,01/01/2021 0:44,01/01/2021 0:58,1,5.32,1,N,170,87,1,17.5,0.5,0.5,3,0,0.3,24.3,2.5
1,01/01/2021 0:03,01/01/2021 0:38,1,0,1,N,74,61,1,45.08,0,0.5,0,6.12,0.3,52,0
2,01/01/2021 0:03,01/01/2021 0:10,1,1.02,1,N,90,186,2,6,0.5,0.5,0,0,0.3,9.8,2.5
2,01/01/2021 0:29,01/01/2021 0:48,1,4.5,1,N,142,42,1,16.5,0.5,0.5,5.08,0,0.3,25.38,2.5
2,01/01/2021 0:09,01/01/2021 0:22,3,3.01,1,N,163,113,2,12.5,0.5,0.5,0,0,0.3,16.3,2.5
2,01/01/2021 0:38,01/01/2021 0:48,3,3.17,1,N,163,238,1,12,0.5,0.5,4.74,0,0.3,20.54,2.5
2,01/01/2021 0:22,01/01/2021 0:34,1,3.46,1,N,161,41,1,12,0.5,0.5,3.16,0,0.3,18.96,2.5
2,01/01/2021 0:40,01/01/2021 0:50,1,1.72,1,N,151,74,2,9,0.5,0.5,0,0,0.3,10.3,0
1,01/01/2021 0:09,01/01/2021 0:23,3,2.3,1,N,143,166,2,11.5,3,0.5,0,0,0.3,15.3,2.5
1,01/01/2021 0:28,01/01/2021 0:38,1,1.6,1,N,151,142,1,9,3,0.5,2.5,0,0.3,15.3,2.5
1,01/01/2021 0:42,01/01/2021 0:56,1,3.2,1,N,142,107,1,12.5,3,0.5,4,0,0.3,20.3,2.5
2,01/01/2021 0:55,01/01/2021 1:03,1,1.43,1,N,230,186,2,7.5,0.5,0.5,0,0,0.3,11.3,2.5
2,01/01/2021 0:47,01/01/2021 1:00,3,6.1,1,N,132,130,2,18.5,0.5,0.5,0,0,0.3,19.8,0
2,01/01/2021 0:05,01/01/2021 0:21,2,7.01,1,N,261,236,2,21.5,0.5,0.5,0,0,0.3,25.3,2.5
2,01/01/2021 0:28,01/01/2021 0:33,1,0.9,1,N,141,236,1,5,0.5,0.5,1.5,0,0.3,10.3,2.5
2,01/01/2021 0:11,01/01/2021 0:19,1,2.64,1,N,48,238,1,9.5,0.5,0.5,3.33,0,0.3,16.63,2.5
2,01/01/2021 0:23,01/01/2021 0:25,3,0.51,1,N,238,238,2,3.5,0.5,0.5,0,0,0.3,7.3,2.5
2,01/01/2021 0:28,01/01/2021 0:30,1,0.59,1,N,239,239,1,3.5,0.5,0.5,1.31,0,0.3,8.61,2.5
2,01/01/2021 0:50,01/01/2021 0:56,2,1.04,1,N,164,107,2,6,0.5,0.5,0,0,0.3,9.8,2.5
2,01/01/2021 0:59,01/01/2021 1:05,1,0.81,1,N,170,170,1,6,0.5,0.5,1.5,0,0.3,11.3,2.5
2,01/01/2021 0:24,01/01/2021 0:25,6,0.25,1,N,263,262,2,3.5,0.5,0.5,0,0,0.3,7.3,2.5
1,01/01/2021 0:28,01/01/2021 0:41,1,2.8,1,N,230,137,1,11.5,3,0.5,3.05,0,0.3,18.35,2.5
2,01/01/2021 0:09,01/01/2021 0:20,1,1.93,1,N,230,170,2,9,0.5,0.5,0,0,0.3,12.8,2.5
2,01/01/2021 0:31,01/01/2021 0:42,1,2.18,1,N,113,48,1,9.5,0.5,0.5,2.66,0,0.3,15.96,2.5
1,01/01/2021 0:11,01/01/2021 0:15,1,1.4,1,N,141,170,2,6,3,0.5,0,0,0.3,9.8,2.5
1,01/01/2021 0:33,01/01/2021 0:54,2,3.8,1,N,142,229,1,16.5,3,0.5,6.05,0,0.3,26.35,2.5
1,01/01/2021 0:58,01/01/2021 1:01,1,0.5,1,N,229,233,1,4,3,0.5,1.5,0,0.3,9.3,2.5
2,01/01/2021 0:20,01/01/2021 0:26,1,1.48,1,N,68,90,1,7,0.5,0.5,2.16,0,0.3,12.96,2.5
2,01/01/2021 0:33,01/01/2021 0:49,1,3.49,1,N,249,50,1,13.5,0.5,0.5,2.7,0,0.3,20,2.5
1,01/01/2021 0:20,01/01/2021 0:23,1,0.5,1,N,239,143,1,4,3,0.5,2.3,0,0.3,10.1,2.5
1,01/01/2021 0:23,01/01/2021 0:34,1,2,1,N,143,68,1,9.5,3,0.5,4.7,0,0.3,18,2.5
1,01/01/2021 0:54,01/01/2021 1:14,2,5.7,1,N,148,239,2,19,3,0.5,0,0,0.3,22.8,2.5
2,01/01/2021 0:47,01/01/2021 0:52,1,0.94,1,N,90,113,1,5.5,0.5,0.5,2.79,0,0.3,12.09,2.5
1,01/01/2021 0:14,01/01/2021 0:30,2,2.4,1,N,230,141,1,12,2.5,0.5,3.8,0,0.3,19.1,2.5
1,01/01/2021 0:45,01/01/2021 0:57,1,2.4,1,N,237,229,1,10,2.5,0.5,2.66,0,0.3,15.96,2.5
2,31/12/2020 23:59,01/01/2021 0:02,2,0.74,1,N,237,236,1,5,0.5,0.5,1.76,0,0.3,10.56,2.5
2,01/01/2021 0:07,01/01/2021 0:10,3,0.59,1,N,43,237,2,4,0.5,0.5,0,0,0.3,7.8,2.5
2,01/01/2021 0:20,01/01/2021 0:29,2,1.7,1,N,263,239,1,8,0.5,0.5,2.95,0,0.3,14.75,2.5
2,01/01/2021 0:27,01/01/2021 0:53,1,3.45,1,N,230,79,1,18,0.5,0.5,4.36,0,0.3,26.16,2.5
1,01/01/2021 0:01,01/01/2021 0:32,1,12.4,1,N,249,94,2,37.5,3,0.5,0,0,0.3,41.3,2.5
1,01/01/2021 0:56,01/01/2021 1:17,3,5.4,1,N,48,7,2,19,3,0.5,0,0,0.3,22.8,2.5
1,01/01/2021 0:37,01/01/2021 0:44,1,1,1,N,48,68,2,6,3,0.5,0,0,0.3,9.8,2.5
1,01/01/2021 0:56,01/01/2021 1:27,1,12.1,1,N,100,18,2,37,3,0.5,0,0,0.3,40.8,2.5
2,01/01/2021 0:03,01/01/2021 0:13,4,2.15,1,N,249,48,1,9.5,0.5,0.5,2.66,0,0.3,15.96,2.5
2,01/01/2021 0:40,01/01/2021 0:51,2,2.06,1,N,230,234,1,10,0.5,0.5,2.76,0,0.3,16.56,2.5
2,01/01/2021 0:10,01/01/2021 0:12,1,0.44,1,N,48,246,1,4,0.5,0.5,1.95,0,0.3,9.75,2.5
2,01/01/2021 0:21,01/01/2021 0:33,2,1.57,1,N,230,162,1,9,0.5,0.5,2.3,0,0.3,15.1,2.5
2,01/01/2021 0:39,01/01/2021 0:47,2,3.12,1,N,162,43,2,10.5,0.5,0.5,0,0,0.3,14.3,2.5
2,01/01/2021 0:51,01/01/2021 0:55,1,1.06,1,N,151,41,2,5.5,0.5,0.5,0,0,0.3,6.8,0
2,01/01/2021 0:16,01/01/2021 0:29,1,5.37,1,N,238,244,2,17.5,0.5,0.5,0,0,0.3,21.3,2.5
1,01/01/2021 0:32,01/01/2021 0:51,1,5.2,1,N,170,189,2,19.5,3,0.5,0,0,0.3,23.3,2.5
1,01/01/2021 0:51,01/01/2021 0:54,1,0.9,1,N,263,140,1,5,3,0.5,2.2,0,0.3,11,2.5
1,01/01/2021 0:25,01/01/2021 0:34,2,1.4,1,N,48,170,3,7.5,3,0.5,0,0,0.3,11.3,2.5
2,01/01/2021 0:29,01/01/2021 0:53,1,14.91,1,N,132,150,2,41,0.5,0.5,0,0,0.3,42.3,0
2,01/01/2021 0:49,01/01/2021 0:58,4,2.16,1,N,163,68,1,9,0.5,0.5,0,0,0.3,12.8,2.5
2,01/01/2021 0:38,01/01/2021 0:42,6,1.09,1,N,148,79,2,5.5,0.5,0.5,0,0,0.3,9.3,2.5
2,01/01/2021 0:55,01/01/2021 1:10,6,5.04,1,N,113,263,1,17.5,0.5,0.5,5.32,0,0.3,26.62,2.5
1,01/01/2021 0:47,01/01/2021 0:51,1,0.8,1,N,260,82,2,5,0.5,0.5,0,0,0.3,6.3,0
1,01/01/2021 0:21,01/01/2021 0:34,1,2.9,1,Y,230,141,1,12,3,0.5,3.15,0,0.3,18.95,2.5
1,01/01/2021 0:41,01/01/2021 0:44,1,1.1,1,Y,141,229,2,5,3,0.5,0,0,0.3,8.8,2.5
2,01/01/2021 0:44,01/01/2021 0:55,6,3.47,1,N,162,226,1,12.5,0.5,0.5,3.26,0,0.3,19.56,2.5
2,01/01/2021 0:19,01/01/2021 0:36,3,3.93,1,N,151,233,2,15,0.5,0.5,0,0,0.3,18.8,2.5
2,01/01/2021 0:54,01/01/2021 0:59,3,0.88,1,N,170,186,1,5.5,0.5,0.5,2.32,0,0.3,11.62,2.5
2,01/01/2021 0:28,01/01/2021 0:41,1,3.85,1,N,68,238,1,13,0.5,0.5,1.68,0,0.3,18.48,2.5
2,01/01/2021 0:46,01/01/2021 0:55,1,2.58,1,N,142,166,1,10,0.5,0.5,4.14,0,0.3,17.94,2.5
2,01/01/2021 0:59,01/01/2021 1:05,1,1.07,1,N,166,238,1,6,0.5,0.5,1.96,0,0.3,11.76,2.5
2,01/01/2021 0:24,01/01/2021 0:30,2,1.18,1,N,125,144,1,6.5,0.5,0.5,2.06,0,0.3,12.36,2.5
2,01/01/2021 0:34,01/01/2021 0:42,2,2.47,1,N,148,90,1,9.5,0.5,0.5,2.39,0,0.3,15.69,2.5
2,01/01/2021 0:47,01/01/2021 1:01,2,4.17,1,N,249,237,1,14,0.5,0.5,3.56,0,0.3,21.36,2.5
1,01/01/2021 0:13,01/01/2021 0:22,2,1.8,1,N,163,236,1,8.5,3,0.5,2.45,0,0.3,14.75,2.5
2,01/01/2021 0:14,01/01/2021 0:19,1,0.72,1,N,239,239,2,5,0.5,0.5,0,0,0.3,8.8,2.5
2,01/01/2021 0:20,01/01/2021 0:29,1,2.6,1,N,239,41,2,10,0.5,0.5,0,0,0.3,13.8,2.5
2,01/01/2021 0:44,01/01/2021 0:57,1,4.83,1,N,263,116,2,16,0.5,0.5,0,0,0.3,19.8,2.5
2,01/01/2021 0:28,01/01/2021 0:30,1,0.48,1,N,231,231,1,4,0.5,0.5,1.56,0,0.3,9.36,2.5
2,01/01/2021 0:09,01/01/2021 0:18,1,2.9,1,N,100,144,1,10,0.5,0.5,4.14,0,0.3,17.94,2.5
2,01/01/2021 0:43,01/01/2021 1:01,3,6.29,1,N,116,48,2,21,0.5,0.5,0,0,0.3,24.8,2.5
2,01/01/2021 0:17,01/01/2021 0:19,1,0.58,1,N,74,75,2,3.5,0.5,0.5,0,0,0.3,4.8,0
2,01/01/2021 0:17,01/01/2021 0:22,1,1.06,1,N,107,148,2,6,0.5,0.5,0,0,0.3,9.8,2.5
2,01/01/2021 0:53,01/01/2021 1:12,1,8.22,1,N,114,227,1,24.5,0.5,0.5,4,0,0.3,32.3,2.5
2,01/01/2021 0:00,01/01/2021 0:03,1,0.95,1,N,140,263,1,5,0.5,0.5,1.76,0,0.3,10.56,2.5
2,01/01/2021 0:19,01/01/2021 0:20,1,0.02,1,N,141,141,2,2.5,0.5,0.5,0,0,0.3,6.3,2.5
2,01/01/2021 0:43,01/01/2021 0:45,1,0.68,1,N,186,68,1,4,0.5,0.5,1.56,0,0.3,9.36,2.5
2,01/01/2021 0:27,01/01/2021 1:07,1,12.01,1,N,48,61,1,38,0.5,0.5,8.36,0,0.3,50.16,2.5
1,01/01/2021 0:23,01/01/2021 0:45,1,5.7,1,N,107,190,1,20.5,3,0.5,6.05,0,0.3,30.35,2.5
2,01/01/2021 0:49,01/01/2021 1:07,6,10.22,1,N,233,133,2,29,0.5,0.5,0,0,0.3,32.8,2.5
2,01/01/2021 0:00,01/01/2021 0:02,1,0.96,1,N,79,137,2,4.5,0.5,0.5,0,0,0.3,8.3,2.5
2,01/01/2021 0:51,01/01/2021 0:53,1,0.69,1,N,239,238,1,4,0.5,0.5,1,0,0.3,8.8,2.5
2,01/01/2021 0:05,01/01/2021 0:14,1,2.62,1,N,249,261,1,9.5,0.5,0.5,2,0,0.3,15.3,2.5
2,01/01/2021 0:23,01/01/2021 0:33,1,1.71,1,N,211,79,1,8.5,0.5,0.5,3.08,0,0.3,15.38,2.5
2,01/01/2021 0:27,01/01/2021 0:31,1,0.6,1,N,234,68,1,5,0.5,0.5,0,0,0.3,8.8,2.5
2,01/01/2021 0:39,01/01/2021 1:00,1,5.86,1,N,50,7,2,19.5,0.5,0.5,0,0,0.3,23.3,2.5
2,01/01/2021 0:30,01/01/2021 0:33,1,0.99,1,N,237,162,1,4.5,0.5,0.5,1.66,0,0.3,9.96,2.5
2,01/01/2021 0:41,01/01/2021 1:17,1,8.35,1,N,142,102,1,29.5,0.5,0.5,8.32,0,0.3,41.62,2.5
2,01/01/2021 0:10,01/01/2021 0:52,1,7.89,1,N,143,239,2,23,0.5,0.5,0,0,0.3,26.8,2.5
2,01/01/2021 0:53,01/01/2021 0:59,1,1.63,1,N,239,140,1,7,0.5,0.5,2.16,0,0.3,12.96,2.5
1,01/01/2021 0:11,01/01/2021 0:14,3,0.6,1,N,262,263,2,4.5,3,0.5,0,0,0.3,8.3,2.5
1,01/01/2021 0:19,01/01/2021 0:26,2,1.9,1,N,74,168,2,8.5,0.5,0.5,0,0,0.3,9.8,0
1,01/01/2021 0:31,01/01/2021 0:46,1,2.5,1,N,168,167,2,12,0.5,0.5,0,0,0.3,13.3,0
1,01/01/2021 0:32,01/01/2021 0:46,1,5.5,1,Y,164,261,2,18.5,3,0.5,0,0,0.3,22.3,2.5
2,01/01/2021 0:46,01/01/2021 1:01,6,3.71,1,N,48,151,2,13.5,0.5,0.5,0,0,0.3,17.3,2.5
2,01/01/2021 0:16,01/01/2021 0:32,2,2.39,1,N,43,164,2,12,0.5,0.5,0,0,0.3,15.8,2.5
2,01/01/2021 0:44,01/01/2021 0:52,2,1.29,1,N,234,79,1,7,0.5,0.5,2.16,0,0.3,12.96,2.5
2,01/01/2021 0:58,01/01/2021 1:44,2,12.95,1,N,79,79,4,-41.5,-0.5,-0.5,0,0,-0.3,-45.3,-2.5
2,01/01/2021 0:58,01/01/2021 1:44,2,12.95,1,N,79,79,2,41.5,0.5,0.5,0,0,0.3,45.3,2.5
2,01/01/2021 0:07,01/01/2021 0:23,2,7.94,1,N,70,74,1,23.5,0.5,0.5,5,6.12,0.3,35.92,0
2,01/01/2021 0:34,01/01/2021 0:45,3,2.7,1,N,142,229,1,11,0.5,0.5,4.44,0,0.3,19.24,2.5
2,01/01/2021 0:52,01/01/2021 1:05,2,3.41,1,N,141,41,1,12.5,0.5,0.5,3.26,0,0.3,19.56,2.5
1,01/01/2021 0:00,01/01/2021 0:04,1,0.7,1,N,162,161,1,5,3,0.5,2.6,0,0.3,11.4,2.5
1,01/01/2021 0:17,01/01/2021 0:22,1,1,1,N,236,43,1,6,3,0.5,1.5,0,0.3,11.3,2.5
1,01/01/2021 0:24,01/01/2021 0:38,1,2.6,1,N,43,238,1,11.5,3,0.5,5,0,0.3,20.3,2.5
2,31/12/2020 21:40,31/12/2020 22:16,1,17.96,1,N,249,213,2,49.5,0.5,0.5,0,0,0.3,53.3,2.5
2,01/01/2021 0:36,01/01/2021 0:43,1,0.8,1,N,230,50,1,6,0.5,0.5,1.96,0,0.3,11.76,2.5
2,01/01/2021 0:52,01/01/2021 0:55,1,0.54,1,N,237,236,1,4,0.5,0.5,1.4,0,0.3,9.2,2.5
2,01/01/2021 0:40,01/01/2021 0:47,1,2,1,N,74,166,1,8.5,0.5,0.5,0,0,0.3,9.8,0
1,01/01/2021 0:43,01/01/2021 0:47,1,0.7,1,N,262,236,2,5,3,0.5,0,0,0.3,8.8,2.5
1,01/01/2021 0:50,01/01/2021 0:55,1,1.3,1,N,236,141,1,6.5,3,0.5,2.55,0,0.3,12.85,2.5
1,01/01/2021 0:57,01/01/2021 1:14,1,4.4,1,N,141,152,2,15.5,3,0.5,0,0,0.3,19.3,2.5
2,01/01/2021 0:21,01/01/2021 0:25,1,1.27,1,N,107,263,1,5.5,0.5,0.5,1.4,0,0.3,10.7,2.5
2,01/01/2021 0:33,01/01/2021 0:52,1,3.3,1,N,74,167,1,15,0.5,0.5,3.26,0,0.3,19.56,0
2,01/01/2021 0:05,01/01/2021 0:10,1,1.83,1,N,90,48,2,7.5,0.5,0.5,0,0,0.3,11.3,2.5
2,01/01/2021 0:33,01/01/2021 0:39,1,1.27,1,N,48,143,1,7,0.5,0.5,3.24,0,0.3,14.04,2.5
1,01/01/2021 0:29,01/01/2021 0:43,1,9.7,1,N,132,92,2,27,0.5,0.5,0,0,0.3,28.3,0
2,01/01/2021 0:22,01/01/2021 0:29,2,2.56,1,N,137,140,1,9,0.5,0.5,2.56,0,0.3,15.36,2.5
2,01/01/2021 0:32,01/01/2021 0:46,2,5.27,1,N,140,69,1,16.5,0.5,0.5,0,0,0.3,20.3,2.5
2,01/01/2021 0:35,01/01/2021 0:39,2,0.92,1,N,166,166,1,5.5,0.5,0.5,2.04,0,0.3,8.84,0
2,01/01/2021 0:46,01/01/2021 0:54,2,2.04,1,N,24,142,1,9.5,0.5,0.5,2.66,0,0.3,15.96,2.5
2,31/12/2020 23:57,01/01/2021 0:17,1,3.8,1,N,163,166,1,16,0.5,0.5,3.96,0,0.3,23.76,2.5
2,01/01/2021 0:24,01/01/2021 0:35,3,0.92,1,N,162,230,1,8,0.5,0.5,2.36,0,0.3,14.16,2.5
2,01/01/2021 0:38,01/01/2021 0:52,2,2.29,1,N,230,246,1,11.5,0.5,0.5,3.82,0,0.3,19.12,2.5
2,01/01/2021 0:18,01/01/2021 0:21,1,0.36,1,N,164,186,1,4,0.5,0.5,1.56,0,0.3,9.36,2.5
2,01/01/2021 0:24,01/01/2021 0:31,6,1.78,1,N,142,140,1,7.5,0.5,0.5,2.82,0,0.3,14.12,2.5
2,01/01/2021 0:34,01/01/2021 0:36,6,0.77,1,N,140,262,1,4,0.5,0.5,3,0,0.3,10.8,2.5
1,01/01/2021 0:27,01/01/2021 0:31,3,0.4,1,N,236,236,2,4.5,3,0.5,0,0,0.3,8.3,2.5
1,01/01/2021 0:33,01/01/2021 0:40,1,1.2,1,N,236,238,1,7,3,0.5,2.15,0,0.3,12.95,2.5
1,01/01/2021 0:42,01/01/2021 0:51,2,1.9,1,N,238,236,3,9,3,0.5,0,0,0.3,12.8,2.5
2,01/01/2021 0:08,01/01/2021 0:18,5,1.96,1,N,140,143,1,9,0.5,0.5,3.2,0,0.3,16,2.5
1,01/01/2021 0:19,01/01/2021 0:22,2,0.8,1,N,237,142,1,5,3,0.5,2.6,0,0.3,11.4,2.5
1,01/01/2021 0:23,01/01/2021 0:32,1,2.5,1,N,43,170,2,9.5,3,0.5,0,0,0.3,13.3,2.5
1,01/01/2021 0:45,01/01/2021 1:01,1,3.8,1,N,249,52,1,15.5,3,0.5,5.75,0,0.3,25.05,2.5
2,01/01/2021 0:07,01/01/2021 0:40,1,8.78,1,N,68,37,1,29,0.5,0.5,0,0,0.3,32.8,2.5
2,01/01/2021 0:58,01/01/2021 1:06,1,1.33,1,N,79,232,2,7.5,0.5,0.5,0,0,0.3,11.3,2.5
2,01/01/2021 0:35,01/01/2021 0:40,1,1.05,1,N,231,87,1,5.5,0.5,0.5,1.5,0,0.3,10.8,2.5
2,01/01/2021 0:51,01/01/2021 1:05,1,5.45,1,N,90,262,1,17.5,0.5,0.5,2,0,0.3,23.3,2.5
2,01/01/2021 0:22,01/01/2021 0:42,1,7.6,1,N,161,223,1,24,0.5,0.5,0,6.12,0.3,33.92,2.5
2,01/01/2021 0:46,01/01/2021 0:58,1,3.91,1,N,207,82,1,13.5,0.5,0.5,0,0,0.3,14.8,0
2,01/01/2021 0:06,01/01/2021 0:16,1,1.4,1,N,230,140,1,8,0.5,0.5,2.36,0,0.3,14.16,2.5
2,01/01/2021 0:17,01/01/2021 0:23,1,1.93,1,N,140,75,2,7.5,0.5,0.5,0,0,0.3,11.3,2.5
2,01/01/2021 0:52,01/01/2021 1:04,2,3.22,1,N,230,151,1,12,0.5,0.5,3.16,0,0.3,18.96,2.5
2,01/01/2021 0:26,01/01/2021 0:33,2,1.63,1,N,100,107,1,7.5,0.5,0.5,2.26,0,0.3,13.56,2.5
2,01/01/2021 0:26,01/01/2021 1:00,1,17.33,1,N,48,51,1,49,0.5,0.5,2,0,0.3,54.8,2.5
2,01/01/2021 0:35,01/01/2021 0:38,1,0.64,1,N,90,68,1,4.5,0.5,0.5,1.5,0,0.3,9.8,2.5
2,01/01/2021 0:42,01/01/2021 0:46,1,1.06,1,N,68,68,2,5.5,0.5,0.5,0,0,0.3,9.3,2.5
2,01/01/2021 0:13,01/01/2021 0:20,3,1.81,1,N,48,142,1,7.5,0.5,0.5,2.26,0,0.3,13.56,2.5
2,01/01/2021 0:53,01/01/2021 1:05,1,1.67,1,N,186,163,2,10,0.5,0.5,0,0,0.3,13.8,2.5
2,01/01/2021 0:16,01/01/2021 0:31,2,2.76,1,N,163,263,1,12,0.5,0.5,3.16,0,0.3,18.96,2.5
2,01/01/2021 0:49,01/01/2021 0:52,3,0.65,1,N,74,42,2,4.5,0.5,0.5,0,0,0.3,5.8,0
1,01/01/2021 0:26,01/01/2021 0:36,0,3.3,1,N,237,24,1,11,3,0.5,4.4,0,0.3,19.2,2.5
1,01/01/2021 0:40,01/01/2021 0:50,1,2,1,N,166,74,2,9.5,0.5,0.5,0,0,0.3,10.8,0
2,01/01/2021 0:03,01/01/2021 0:11,1,1.44,1,N,43,262,1,7.5,0.5,0.5,4,0,0.3,15.3,2.5
2,01/01/2021 0:12,01/01/2021 0:20,3,1.43,1,N,164,107,1,7.5,0.5,0.5,2.26,0,0.3,13.56,2.5
2,01/01/2021 0:24,01/01/2021 0:38,5,3.97,1,N,107,142,1,14,0.5,0.5,3.56,0,0.3,21.36,2.5
2,01/01/2021 0:46,01/01/2021 1:00,3,2.99,1,N,163,24,1,12.5,0.5,0.5,3.26,0,0.3,19.56,2.5
2,01/01/2021 0:08,01/01/2021 0:27,1,5.95,1,N,226,151,1,20,0.5,0.5,3,0,0.3,26.8,2.5
2,01/01/2021 0:37,01/01/2021 0:44,1,1.25,1,N,238,238,1,7,0.5,0.5,5,0,0.3,15.8,2.5
2,01/01/2021 0:47,01/01/2021 0:50,1,0.59,1,N,238,239,1,4.5,0.5,0.5,2.49,0,0.3,10.79,2.5
2,01/01/2021 0:47,01/01/2021 0:51,1,0.85,1,N,236,236,1,5,0.5,0.5,1.32,0,0.3,10.12,2.5
1,01/01/2021 0:06,01/01/2021 0:19,1,3.4,1,N,164,231,2,12.5,3,0.5,0,0,0.3,16.3,2.5
2,01/01/2021 0:41,01/01/2021 0:58,1,2.87,1,N,230,143,1,13.5,0.5,0.5,4.33,0,0.3,21.63,2.5
2,01/01/2021 0:10,01/01/2021 0:15,1,1.36,1,N,237,263,1,6,0.5,0.5,3.7,0,0.3,13.5,2.5
2,01/01/2021 0:55,01/01/2021 1:17,1,5.01,1,N,230,226,2,18,0.5,0.5,0,0,0.3,21.8,2.5
1,01/01/2021 0:33,01/01/2021 0:46,1,6.2,1,N,247,254,2,19,0.5,0.5,0,0,0.3,20.3,0
2,01/01/2021 0:03,01/01/2021 0:46,1,19.51,2,N,132,48,2,52,0,0.5,0,0,0.3,55.3,2.5
2,01/01/2021 0:19,01/01/2021 0:33,1,2.63,1,N,68,4,1,11.5,0.5,0.5,2.7,0,0.3,18,2.5
2,01/01/2021 0:37,01/01/2021 0:46,1,2.26,1,N,4,90,2,10,0.5,0.5,0,0,0.3,13.8,2.5
2,01/01/2021 0:49,01/01/2021 0:58,1,1.66,1,N,90,48,1,8.5,0.5,0.5,3.08,0,0.3,15.38,2.5
2,01/01/2021 0:36,01/01/2021 0:42,3,2.04,1,N,170,141,1,8,0.5,0.5,1.77,0,0.3,13.57,2.5
2,01/01/2021 0:44,01/01/2021 0:50,1,0.78,1,N,141,163,2,6,0.5,0.5,0,0,0.3,9.8,2.5
2,01/01/2021 0:59,01/01/2021 1:10,1,3.62,1,N,170,238,2,12,0.5,0.5,0,0,0.3,15.8,2.5
2,01/01/2021 0:17,01/01/2021 0:24,1,1.19,1,N,162,170,1,7,0.5,0.5,2.16,0,0.3,12.96,2.5
2,01/01/2021 0:31,01/01/2021 0:34,1,1.19,1,N,137,229,2,5,0.5,0.5,0,0,0.3,8.8,2.5
2,01/01/2021 0:45,01/01/2021 0:46,1,0.35,1,N,233,137,1,3,0.5,0.5,0,0,0.3,6.8,2.5
2,01/01/2021 0:50,01/01/2021 1:01,1,1.81,1,N,137,68,2,9,0.5,0.5,0,0,0.3,12.8,2.5
1,01/01/2021 0:31,01/01/2021 0:38,2,2.2,1,N,151,143,1,8.5,3,0.5,2.45,0,0.3,14.75,2.5
1,01/01/2021 0:49,01/01/2021 0:56,1,1.6,1,N,238,41,1,7,3,0.5,2.15,0,0.3,12.95,2.5
2,01/01/2021 0:16,01/01/2021 0:31,6,8,1,N,138,236,1,23.5,0.5,0.5,6.68,6.12,0.3,40.1,2.5
1,01/01/2021 0:00,01/01/2021 0:07,2,0.9,1,N,170,233,2,6,3.5,0.5,0,0,0.3,10.3,2.5
2,01/01/2021 0:49,01/01/2021 0:57,1,2.61,1,N,238,74,2,9.5,0.5,0.5,0,0,0.3,10.8,0
1,01/01/2021 0:38,01/01/2021 0:47,1,1.9,1,N,142,238,1,9,3,0.5,3.8,0,0.3,16.6,2.5
1,01/01/2021 0:54,01/01/2021 1:08,2,3.5,1,N,238,90,1,13.5,3,0.5,3.45,0,0.3,20.75,2.5
2,01/01/2021 0:33,01/01/2021 0:39,1,1.76,1,N,151,143,1,7,0.5,0.5,2.16,0,0.3,12.96,2.5
2,01/01/2021 0:03,01/01/2021 0:22,1,4.82,1,N,43,68,2,17,0.5,0.5,0,0,0.3,20.8,2.5
2,01/01/2021 0:15,01/01/2021 0:27,1,3.71,1,N,24,229,1,13,0.5,0.5,3,0,0.3,19.8,2.5
2,01/01/2021 0:46,01/01/2021 0:52,1,1.03,1,N,161,50,1,6.5,0.5,0.5,2.06,0,0.3,12.36,2.5
2,01/01/2021 0:38,01/01/2021 0:47,1,2.27,1,N,238,48,2,9,0.5,0.5,0,0,0.3,12.8,2.5
2,01/01/2021 0:52,01/01/2021 1:08,1,4.17,1,N,48,263,1,15,0.5,0.5,0,0,0.3,18.8,2.5
2,01/01/2021 0:10,01/01/2021 0:13,6,0.91,1,N,100,90,2,4.5,0.5,0.5,0,0,0.3,8.3,2.5
2,01/01/2021 0:55,01/01/2021 1:12,6,3.63,1,N,164,148,1,14.5,0.5,0.5,10,0,0.3,28.3,2.5
1,01/01/2021 0:33,01/01/2021 0:42,2,4.1,1,N,137,75,2,13.5,3,0.5,0,0,0.3,17.3,2.5
2,01/01/2021 0:42,01/01/2021 0:44,2,0.99,1,N,107,170,1,4.5,0.5,0.5,1.66,0,0.3,9.96,2.5
2,01/01/2021 0:53,01/01/2021 0:57,3,0.94,1,N,107,113,1,5.5,0.5,0.5,2,0,0.3,11.3,2.5
1,01/01/2021 0:49,01/01/2021 1:11,1,6,1,N,260,260,2,21.5,0.5,0.5,0,0,0.3,22.8,0
2,01/01/2021 0:40,01/01/2021 0:52,1,2.96,1,N,79,256,1,12,0.5,0.5,3.95,0,0.3,19.75,2.5
1,01/01/2021 0:19,01/01/2021 0:23,1,0.8,1,N,48,68,1,5,3,0.5,0.2,0,0.3,9,2.5
1,01/01/2021 0:34,01/01/2021 0:53,1,5,1,N,246,146,2,17.5,3,0.5,0,0,0.3,21.3,2.5
2,01/01/2021 0:34,01/01/2021 0:57,1,6.91,1,N,148,189,1,23.5,0.5,0.5,6.82,0,0.3,34.12,2.5
2,01/01/2021 0:04,01/01/2021 0:21,1,3.67,1,N,113,255,1,15.5,0.5,0.5,4.83,0,0.3,24.13,2.5
2,01/01/2021 0:30,01/01/2021 0:48,1,5.08,1,N,144,238,1,17,0.5,0.5,2,0,0.3,22.8,2.5
2,01/01/2021 0:25,01/01/2021 0:30,1,1.27,1,N,230,142,1,6,0.5,0.5,2.94,0,0.3,12.74,2.5
1,01/01/2021 0:03,01/01/2021 0:17,1,0,1,Y,72,61,1,14.2,0,0.5,0,0,0.3,15,0
1,01/01/2021 0:19,01/01/2021 0:19,1,0,1,Y,61,61,3,2.5,0.5,0.5,0,0,0.3,3.8,0
2,01/01/2021 0:30,01/01/2021 0:37,5,3.19,1,N,263,107,1,10.5,0.5,0.5,2.86,0,0.3,17.16,2.5
2,01/01/2021 0:57,01/01/2021 1:02,5,1.44,1,N,164,249,1,6,0.5,0.5,1.96,0,0.3,11.76,2.5
1,01/01/2021 0:39,01/01/2021 0:44,0,0.7,1,N,211,231,1,5.5,3,0.5,2.75,0,0.3,12.05,2.5
2,01/01/2021 0:17,01/01/2021 0:20,6,0.69,1,N,246,68,1,4.5,0.5,0.5,1.66,0,0.3,9.96,2.5
2,01/01/2021 0:12,01/01/2021 23:27,1,2.65,1,N,260,223,2,10.5,0.5,0.5,0,0,0.3,11.8,0
2,01/01/2021 0:37,01/01/2021 0:42,1,1.57,1,N,141,170,1,6.5,0.5,0.5,1.54,0,0.3,11.84,2.5
2,01/01/2021 0:53,01/01/2021 1:02,1,2.56,1,N,237,238,1,10.5,0.5,0.5,4.29,0,0.3,18.59,2.5
2,31/12/2020 18:41,01/01/2021 17:52,1,2.61,1,N,90,229,1,10,0.5,0.5,2.76,0,0.3,16.56,2.5
2,01/01/2021 0:50,01/01/2021 1:05,2,3.76,1,N,107,33,1,15,0.5,0.5,4,0,0.3,22.8,2.5
2,01/01/2021 0:21,01/01/2021 0:36,1,8.8,1,N,132,265,2,24.5,0.5,0.5,0,0,0.3,25.8,0
1,01/01/2021 0:11,01/01/2021 0:18,1,2,1,N,48,68,1,8,3,0.5,0,0,0.3,11.8,2.5
1,01/01/2021 0:20,01/01/2021 0:31,1,2,1,N,68,4,1,9,3,0.5,3.2,0,0.3,16,2.5
1,01/01/2021 0:52,01/01/2021 1:06,1,1.4,1,N,230,237,1,10,3,0.5,2,0,0.3,15.8,2.5
1,01/01/2021 0:14,01/01/2021 0:34,2,6.2,1,N,88,239,1,19.5,3,0.5,4.65,0,0.3,27.95,2.5
2,01/01/2021 0:27,01/01/2021 0:40,1,2.12,1,N,48,90,1,10,0.5,0.5,2.76,0,0.3,16.56,2.5
2,01/01/2021 0:59,01/01/2021 1:15,2,3.6,1,N,164,239,1,13.5,0.5,0.5,2,0,0.3,19.3,2.5
1,01/01/2021 0:43,01/01/2021 0:45,1,0.6,1,Y,249,90,2,4,3,0.5,0,0,0.3,7.8,2.5
2,01/01/2021 0:15,01/01/2021 0:25,1,2.13,1,N,143,236,2,9.5,0.5,0.5,0,0,0.3,13.3,2.5
2,01/01/2021 0:10,01/01/2021 0:14,1,0.5,1,N,236,262,2,4.5,0.5,0.5,0,0,0.3,8.3,2.5
2,01/01/2021 0:21,01/01/2021 0:29,4,2.07,1,N,43,239,1,9,0.5,0.5,3.2,0,0.3,16,2.5
2,01/01/2021 0:22,01/01/2021 0:26,1,1.2,1,N,142,238,2,5.5,0.5,0.5,0,0,0.3,9.3,2.5
2,01/01/2021 0:29,01/01/2021 0:36,1,2.08,1,N,238,74,2,8.5,0.5,0.5,0,0,0.3,12.3,2.5
2,01/01/2021 0:39,01/01/2021 0:51,1,4.35,1,N,75,164,2,13.5,0.5,0.5,0,0,0.3,17.3,2.5
2,01/01/2021 0:53,01/01/2021 1:10,1,5.07,1,N,100,261,2,17,0.5,0.5,0,0,0.3,20.8,2.5
2,01/01/2021 0:09,01/01/2021 0:18,3,2.18,1,N,161,140,1,9,0.5,0.5,2.56,0,0.3,15.36,2.5
2,01/01/2021 0:19,01/01/2021 0:21,1,0.52,1,N,140,141,2,4,0.5,0.5,0,0,0.3,7.8,2.5
2,01/01/2021 0:27,01/01/2021 0:35,1,3.09,1,N,237,224,2,11,0.5,0.5,0,0,0.3,14.8,2.5
2,01/01/2021 0:58,01/01/2021 1:48,1,27.07,1,N,75,117,1,73.5,0.5,0.5,1,8.41,0.3,84.21,0
2,01/01/2021 0:30,01/01/2021 0:34,2,0.73,1,N,237,140,1,5,0.5,0.5,1.76,0,0.3,10.56,2.5
2,01/01/2021 0:09,01/01/2021 0:16,1,1.69,1,N,237,236,2,7.5,0.5,0.5,0,0,0.3,11.3,2.5
2,01/01/2021 0:38,01/01/2021 0:52,1,3.39,1,N,230,75,2,13.5,0.5,0.5,0,0,0.3,17.3,2.5
1,01/01/2021 0:56,01/01/2021 1:13,1,7.6,1,N,140,212,1,23,3,0.5,0,0,0.3,26.8,2.5
1,01/01/2021 0:18,01/01/2021 0:32,1,4.5,1,N,234,74,1,14.5,3,0.5,2.7,0,0.3,21,2.5
2,01/01/2021 0:17,01/01/2021 0:26,1,1.62,1,N,75,74,2,6.5,0.5,0.5,0,0,0.3,7.8,0
2,01/01/2021 0:12,01/01/2021 0:20,1,1.68,1,N,230,239,1,7.5,0.5,0.5,2.26,0,0.3,13.56,2.5
2,01/01/2021 0:32,01/01/2021 0:48,1,3.57,1,N,48,263,2,14,0.5,0.5,0,0,0.3,17.8,2.5
2,01/01/2021 0:54,01/01/2021 0:57,1,0.66,1,N,141,229,2,4.5,0.5,0.5,0,0,0.3,8.3,2.5
1,01/01/2021 0:27,01/01/2021 0:30,2,0.7,1,N,48,50,1,4.5,3,0.5,1.65,0,0.3,9.95,2.5
1,01/01/2021 0:31,01/01/2021 0:33,2,0.6,1,N,50,50,1,4,3,0.5,1.55,0,0.3,9.35,2.5
1,01/01/2021 0:38,01/01/2021 0:49,1,2.9,1,N,142,236,1,11.5,3,0.5,2,0,0.3,17.3,2.5
1,01/01/2021 0:54,01/01/2021 1:02,1,2.7,1,N,263,164,2,10,3,0.5,0,0,0.3,13.8,2.5
2,01/01/2021 0:11,01/01/2021 0:15,4,0.55,1,N,231,87,1,5,0.5,0.5,1.32,0,0.3,10.12,2.5
2,01/01/2021 0:23,01/01/2021 0:33,1,5.31,1,N,45,141,2,-16,-0.5,-0.5,0,0,-0.3,-19.8,-2.5
2,01/01/2021 0:23,01/01/2021 0:33,1,5.31,1,N,45,263,2,16,0.5,0.5,0,0,0.3,19.8,2.5
2,01/01/2021 1:00,01/01/2021 1:27,1,9.29,1,N,50,95,2,29,0.5,0.5,0,0,0.3,32.8,2.5
2,01/01/2021 0:41,01/01/2021 0:55,2,3.88,1,N,238,158,2,13.5,0.5,0.5,0,0,0.3,17.3,2.5
2,01/01/2021 0:12,01/01/2021 0:20,3,1.53,1,N,211,79,2,7.5,0.5,0.5,0,0,0.3,11.3,2.5
2,01/01/2021 0:22,01/01/2021 0:40,4,4.62,1,N,79,43,1,17,0.5,0.5,1,0,0.3,21.8,2.5
2,01/01/2021 0:06,01/01/2021 0:19,1,3.47,1,N,140,151,2,13,0.5,0.5,0,0,0.3,16.8,2.5
2,01/01/2021 0:21,01/01/2021 0:31,1,2.6,1,N,151,141,2,10.5,0.5,0.5,0,0,0.3,14.3,2.5
1,01/01/2021 0:09,01/01/2021 0:19,2,2.1,1,N,48,158,2,9,3,0.5,0,0,0.3,12.8,2.5
1,01/01/2021 0:51,01/01/2021 1:13,2,4.3,1,N,230,232,1,17.5,3,0.5,5.3,0,0.3,26.6,2.5
1,01/01/2021 0:19,01/01/2021 0:27,1,3.4,1,N,263,137,1,11,3,0.5,2.95,0,0.3,17.75,2.5
1,01/01/2021 0:29,01/01/2021 0:35,1,2.3,1,N,137,232,2,8.5,3,0.5,0,0,0.3,12.3,2.5
1,01/01/2021 0:45,01/01/2021 0:47,1,0.7,1,N,107,137,1,4,3,0.5,1.55,0,0.3,9.35,2.5
1,01/01/2021 0:52,01/01/2021 0:57,1,1.4,1,N,162,107,2,7,3,0.5,0,0,0.3,10.8,2.5
2,01/01/2021 0:04,01/01/2021 0:10,2,1.51,1,N,236,75,2,7,0.5,0.5,0,0,0.3,10.8,2.5
2,01/01/2021 0:18,01/01/2021 0:35,6,2.07,1,N,100,162,1,12.5,0.5,0.5,3.26,0,0.3,19.56,2.5
2,01/01/2021 0:55,01/01/2021 0:58,2,1.01,1,N,236,141,1,5,0.5,0.5,2.2,0,0.3,11,2.5
2,01/01/2021 1:00,01/01/2021 1:13,2,3.79,1,N,140,7,1,13,0.5,0.5,5.04,0,0.3,21.84,2.5
2,01/01/2021 0:24,01/01/2021 0:27,2,0.65,1,N,68,68,2,4,0.5,0.5,0,0,0.3,7.8,2.5
2,01/01/2021 0:32,01/01/2021 0:33,2,0.38,1,N,68,68,2,3.5,0.5,0.5,0,0,0.3,7.3,2.5
2,01/01/2021 0:52,01/01/2021 0:55,2,0.55,1,N,246,48,2,4.5,0.5,0.5,0,0,0.3,8.3,2.5
1,01/01/2021 0:47,01/01/2021 0:53,4,1.2,1,N,262,140,1,7,3,0.5,2.16,0,0.3,12.96,2.5
2,01/01/2021 0:40,01/01/2021 0:50,1,2.85,1,N,233,262,2,10.5,0.5,0.5,0,0,0.3,14.3,2.5
2,01/01/2021 0:54,01/01/2021 1:12,2,2.54,1,N,263,74,2,10.5,0.5,0.5,0,0,0.3,14.3,2.5
2,01/01/2021 0:14,01/01/2021 0:22,6,2.21,1,N,48,90,1,8.5,0.5,0.5,3.69,0,0.3,15.99,2.5
2,01/01/2021 0:30,01/01/2021 0:38,6,0.88,1,N,234,170,1,6.5,0.5,0.5,1.54,0,0.3,11.84,2.5
2,01/01/2021 0:43,01/01/2021 0:51,6,3.24,1,N,264,264,1,10.5,0.5,0.5,3.54,0,0.3,15.34,0
2,01/01/2021 0:54,01/01/2021 1:14,6,4.97,1,N,263,246,1,18.5,0.5,0.5,5.58,0,0.3,27.88,2.5
2,01/01/2021 0:06,01/01/2021 0:17,2,4.81,1,N,239,244,2,15.5,0.5,0.5,0,0,0.3,19.3,2.5
2,01/01/2021 0:55,01/01/2021 1:07,3,3.86,1,N,48,236,1,13,0.5,0.5,4.2,0,0.3,21,2.5
1,01/01/2021 0:13,01/01/2021 0:20,2,1.9,1,N,246,158,1,8,3,0.5,2,0,0.3,13.8,2.5
1,01/01/2021 0:50,01/01/2021 1:07,1,7.5,1,N,239,127,1,23,3,0.5,5,0,0.3,31.8,2.5
2,01/01/2021 0:26,01/01/2021 0:54,1,12.88,1,N,164,11,2,37.5,0.5,0.5,0,0,0.3,41.3,2.5
2,01/01/2021 0:23,01/01/2021 0:50,2,16.66,1,N,132,178,2,46,0.5,0.5,0,0,0.3,47.3,0
2,01/01/2021 0:51,01/01/2021 0:51,2,0,5,N,178,123,1,45,0,0,9.06,0,0.3,54.36,0
1,01/01/2021 0:18,01/01/2021 0:38,3,16,1,N,70,200,1,42.5,0.5,0.5,4.08,6.12,0.3,54,0
2,01/01/2021 0:56,01/01/2021 1:19,1,5.71,1,N,48,80,2,20.5,0.5,0.5,0,0,0.3,24.3,2.5
2,01/01/2021 0:28,01/01/2021 0:52,1,15.26,1,N,132,89,2,42,0.5,0.5,0,0,0.3,43.3,0
1,01/01/2021 0:28,01/01/2021 0:37,0,2.7,1,N,162,263,2,10.5,3,0.5,0,0,0.3,14.3,2.5
1,01/01/2021 0:42,01/01/2021 0:51,0,3,1,N,263,233,1,10.5,3,0.5,3.55,0,0.3,17.85,2.5
2,01/01/2021 0:17,01/01/2021 0:20,1,0.49,1,N,148,232,2,4.5,0.5,0.5,0,0,0.3,8.3,2.5
2,01/01/2021 0:26,01/01/2021 0:55,1,7.86,1,N,79,166,1,27.5,0.5,0.5,2.5,0,0.3,33.8,2.5
2,01/01/2021 0:19,01/01/2021 0:24,1,0.66,1,N,234,164,1,5,0.5,0.5,1.76,0,0.3,10.56,2.5
1,01/01/2021 0:56,01/01/2021 1:04,1,2,1,N,236,151,1,8,3,0.5,2.95,0,0.3,14.75,2.5
2,01/01/2021 0:19,01/01/2021 0:21,1,0.52,1,N,48,48,1,4,0.5,0.5,1.56,0,0.3,9.36,2.5
2,01/01/2021 0:42,01/01/2021 0:46,1,1.01,1,N,100,48,1,5.5,0.5,0.5,1.86,0,0.3,11.16,2.5
2,01/01/2021 0:56,01/01/2021 1:06,1,3.08,1,N,186,239,1,11,0.5,0.5,3.7,0,0.3,18.5,2.5
2,01/01/2021 0:15,01/01/2021 0:18,1,0.39,1,N,170,164,1,4,0.5,0.5,2.34,0,0.3,10.14,2.5
1,01/01/2021 0:41,01/01/2021 0:56,1,3.6,1,N,100,238,1,13.5,3,0.5,3.46,0,0.3,20.76,2.5
2,01/01/2021 0:23,01/01/2021 0:46,1,7.43,1,N,161,65,1,24.5,0.5,0.5,7.08,0,0.3,35.38,2.5
2,01/01/2021 0:57,01/01/2021 1:14,1,5.39,1,N,87,100,1,19,0.5,0.5,6.84,0,0.3,29.64,2.5
1,01/01/2021 0:51,01/01/2021 1:07,1,3.5,1,N,186,236,1,14,3,0.5,2,0,0.3,19.8,2.5
2,01/01/2021 0:13,01/01/2021 0:25,1,2.37,1,N,100,141,1,10.5,0.5,0.5,0,0,0.3,14.3,2.5
2,01/01/2021 0:07,01/01/2021 0:11,1,0.76,1,N,43,262,2,5,0.5,0.5,0,0,0.3,8.8,2.5
1,01/01/2021 0:03,01/01/2021 0:07,1,0.9,1,N,100,170,1,5,3,0.5,3,0,0.3,11.8,2.5
1,01/01/2021 0:22,01/01/2021 0:29,1,2.5,1,N,68,143,2,9.5,3,0.5,0,0,0.3,13.3,2.5
1,01/01/2021 0:55,01/01/2021 1:00,2,1.4,1,N,48,90,1,6.5,3,0.5,2.05,0,0.3,12.35,2.5
2,01/01/2021 0:21,01/01/2021 0:23,1,0.73,1,N,142,239,1,4,0.5,0.5,2.34,0,0.3,10.14,2.5
2,01/01/2021 0:27,01/01/2021 0:38,1,3.11,1,N,238,140,2,11.5,0.5,0.5,0,0,0.3,15.3,2.5
2,01/01/2021 0:46,01/01/2021 1:01,1,6.7,1,N,262,242,1,20.5,0.5,0.5,4.86,0,0.3,29.16,2.5
2,01/01/2021 0:43,01/01/2021 0:49,1,1.22,1,N,249,158,2,6,0.5,0.5,0,0,0.3,9.8,2.5
1,01/01/2021 0:12,01/01/2021 0:21,1,0,1,N,41,74,1,11.2,0,0.5,0,0,0.3,12,0
1,01/01/2021 0:32,01/01/2021 0:42,0,2.2,1,N,41,42,1,10,0.5,0.5,3.35,0,0.3,14.65,0
2,01/01/2021 0:15,01/01/2021 0:21,1,0.49,1,N,161,163,2,5,0.5,0.5,0,0,0.3,8.8,2.5
2,01/01/2021 0:44,01/01/2021 1:17,2,18.4,2,N,264,230,1,52,0,0.5,5,0,0.3,60.3,2.5
2,01/01/2021 0:05,01/01/2021 0:25,1,6.38,1,N,234,37,2,21,0.5,0.5,0,0,0.3,24.8,2.5
2,01/01/2021 0:49,01/01/2021 1:01,1,1.25,1,N,17,217,2,9,0.5,0.5,0,0,0.3,10.3,0
1,01/01/2021 0:25,01/01/2021 0:38,1,2.9,1,N,230,263,1,12,3,0.5,3.15,0,0.3,18.95,2.5
1,01/01/2021 0:47,01/01/2021 0:50,1,0.7,1,N,141,237,1,4.5,3,0.5,2.05,0,0.3,10.35,2.5
2,01/01/2021 0:41,01/01/2021 1:20,1,19.59,1,N,161,172,1,54.5,0.5,0.5,16.1,6.12,0.3,80.52,2.5
2,01/01/2021 0:22,01/01/2021 0:32,3,2.27,1,N,79,100,2,9.5,0.5,0.5,0,0,0.3,13.3,2.5
2,01/01/2021 0:50,01/01/2021 1:03,3,1.05,1,N,100,48,2,9,0.5,0.5,0,0,0.3,12.8,2.5
2,01/01/2021 0:06,01/01/2021 0:16,1,3.66,1,N,68,238,1,12,0.5,0.5,3.16,0,0.3,18.96,2.5
2,01/01/2021 0:34,01/01/2021 0:41,1,1.15,1,N,164,224,1,6.5,0.5,0.5,1.03,0,0.3,11.33,2.5
2,01/01/2021 0:50,01/01/2021 1:03,1,4.3,1,N,87,48,1,14.5,0.5,0.5,3.66,0,0.3,21.96,2.5
1,01/01/2021 0:26,01/01/2021 0:34,1,1.2,1,N,161,137,1,7,2.5,0.5,3,0,0.3,13.3,2.5
1,01/01/2021 0:40,01/01/2021 0:51,1,3.2,1,N,233,239,1,11.5,2.5,0.5,4.4,0,0.3,19.2,2.5
1,01/01/2021 0:45,01/01/2021 0:55,1,3.8,1,N,79,263,1,12.5,3,0.5,3.25,0,0.3,19.55,2.5
2,01/01/2021 0:25,01/01/2021 0:32,1,1.14,1,N,50,162,2,6.5,0.5,0.5,0,0,0.3,10.3,2.5
2,01/01/2021 0:12,01/01/2021 0:25,1,7.3,1,N,13,141,1,21.5,0.5,0.5,3,0,0.3,28.3,2.5
2,01/01/2021 0:52,01/01/2021 1:09,1,5.36,1,N,231,143,1,18,0.5,0.5,2,0,0.3,23.8,2.5
1,01/01/2021 0:18,01/01/2021 0:22,1,1.6,1,Y,246,48,1,6.5,3,0.5,2.05,0,0.3,12.35,2.5
1,01/01/2021 0:50,01/01/2021 1:04,1,3.8,1,N,230,146,1,14.5,3,0.5,3.65,0,0.3,21.95,2.5
2,01/01/2021 0:16,01/01/2021 0:36,2,4.98,1,N,230,261,2,18,0.5,0.5,0,0,0.3,21.8,2.5
2,01/01/2021 0:39,01/01/2021 0:43,2,0.77,1,N,231,231,1,5,0.5,0.5,2.64,0,0.3,11.44,2.5
2,01/01/2021 0:49,01/01/2021 0:55,1,1.96,1,N,249,246,1,8,0.5,0.5,2.95,0,0.3,14.75,2.5
1,01/01/2021 0:14,01/01/2021 0:15,1,0.2,1,N,48,48,2,3,3,0.5,0,0,0.3,6.8,2.5
2,01/01/2021 0:51,01/01/2021 0:53,1,0.51,1,N,237,140,2,4,0.5,0.5,0,0,0.3,7.8,2.5
2,01/01/2021 0:16,01/01/2021 0:29,1,6.88,1,N,237,87,1,20.5,0.5,0.5,7.29,0,0.3,31.59,2.5
2,01/01/2021 0:54,01/01/2021 0:59,1,1.76,1,N,68,50,2,7,0.5,0.5,0,0,0.3,10.8,2.5
1,01/01/2021 0:28,01/01/2021 0:28,3,0,5,N,230,230,1,17.8,0,0,0.7,0,0.3,18.8,0
1,01/01/2021 0:31,01/01/2021 0:31,1,0,1,N,230,264,2,2.5,3,0.5,0,0,0.3,6.3,2.5
2,01/01/2021 0:24,01/01/2021 0:27,2,0.36,1,N,48,50,1,4,0.5,0.5,1,0,0.3,8.8,2.5
2,01/01/2021 0:03,01/01/2021 0:20,1,7.24,1,N,137,49,2,22.5,0.5,0.5,0,0,0.3,26.3,2.5
2,01/01/2021 0:53,01/01/2021 1:06,3,3.7,1,N,48,75,1,13,0.5,0.5,4.2,0,0.3,21,2.5
1,01/01/2021 0:05,01/01/2021 0:27,1,0,1,N,191,80,1,34.2,0,0.5,0,0,0.3,35,0
2,01/01/2021 0:42,01/01/2021 1:03,1,4.68,1,N,65,85,2,18,0.5,0.5,0,0,0.3,19.3,0
2,01/01/2021 0:46,01/01/2021 0:49,1,1.1,1,N,90,249,1,5,0.5,0.5,1.76,0,0.3,10.56,2.5
2,01/01/2021 0:02,01/01/2021 1:35,1,32.58,1,N,234,48,2,104.5,0.5,0.5,0,6.12,0.3,114.42,2.5
1,01/01/2021 0:11,01/01/2021 0:19,1,2.1,1,N,263,239,2,8.5,3,0.5,0,0,0.3,12.3,2.5
2,01/01/2021 0:39,01/01/2021 0:43,1,0.28,1,N,236,236,3,-4,-0.5,-0.5,0,0,-0.3,-7.8,-2.5
2,01/01/2021 0:39,01/01/2021 0:43,1,0.28,1,N,236,236,2,4,0.5,0.5,0,0,0.3,7.8,2.5
1,01/01/2021 0:52,01/01/2021 1:14,1,3.8,1,N,113,142,1,17.5,3,0.5,3,0,0.3,24.3,2.5
1,01/01/2021 0:12,01/01/2021 0:19,1,3.3,1,N,161,74,1,10.5,3,0.5,0,0,0.3,14.3,2.5
1,01/01/2021 0:29,01/01/2021 0:32,2,0.3,1,N,237,237,1,3.5,3,0.5,1.1,0,0.3,8.4,2.5
1,01/01/2021 0:52,01/01/2021 1:07,1,3.3,1,N,262,170,2,13.5,3,0.5,0,0,0.3,17.3,2.5
2,01/01/2021 0:08,01/01/2021 0:15,1,1.4,1,N,163,239,2,7.5,0.5,0.5,0,0,0.3,11.3,2.5
2,01/01/2021 0:30,01/01/2021 0:33,1,0.76,1,N,246,48,2,5,0.5,0.5,0,0,0.3,8.8,2.5
